0.01,1.52,0.008,-0.004,0.81
0.02,1.52,0.016,-0.009,0.81
0.03,1.52,0.024,-0.013,0.81
0.04,1.52,0.032,-0.017,0.81
0.05,1.519,0.04,-0.022,0.81
0.06,1.519,0.049,-0.026,0.81
0.07,1.519,0.057,-0.03,0.809
0.08,1.519,0.065,-0.035,0.809
0.09,1.518,0.073,-0.039,0.809
0.1,1.518,0.081,-0.043,0.809
0.11,1.517,0.089,-0.048,0.809
0.12,1.517,0.097,-0.052,0.808
0.13,1.516,0.105,-0.056,0.808
0.14,1.516,0.113,-0.061,0.808
0.15,1.515,0.121,-0.065,0.807
0.16,1.514,0.129,-0.069,0.807
0.17,1.514,0.138,-0.073,0.807
0.18,1.513,0.146,-0.078,0.806
0.19,1.512,0.154,-0.082,0.806
0.2,1.511,0.162,-0.086,0.805
0.21,1.51,0.17,-0.091,0.805
0.22,1.51,0.178,-0.095,0.804
0.23,1.509,0.186,-0.099,0.804
0.24,1.508,0.194,-0.104,0.803
0.25,1.506,0.202,-0.108,0.803
0.26,1.505,0.21,-0.112,0.802
0.27,1.504,0.218,-0.116,0.802
0.28,1.503,0.226,-0.121,0.801
0.29,1.502,0.234,-0.125,0.8
0.3,1.501,0.242,-0.129,0.8
0.31,1.499,0.25,-0.134,0.799
0.32,1.498,0.258,-0.138,0.798
0.33,1.496,0.266,-0.142,0.797
0.34,1.495,0.274,-0.146,0.797
0.35,1.494,0.282,-0.151,0.796
0.36,1.492,0.29,-0.155,0.795
0.37,1.49,0.298,-0.159,0.794
0.38,1.489,0.306,-0.163,0.793
0.39,1.487,0.314,-0.168,0.793
0.4,1.486,0.322,-0.172,0.792
0.41,1.484,0.329,-0.176,0.791
0.42,1.482,0.337,-0.18,0.79
0.43,1.48,0.345,-0.184,0.789
0.44,1.478,0.353,-0.189,0.788
0.45,1.476,0.361,-0.193,0.787
0.46,1.474,0.369,-0.197,0.786
0.47,1.472,0.377,-0.201,0.785
0.48,1.47,0.385,-0.206,0.784
0.49,1.468,0.392,-0.21,0.782
0.5,1.466,0.4,-0.214,0.781
0.51,1.464,0.408,-0.218,0.78
0.52,1.462,0.416,-0.222,0.779
0.53,1.46,0.424,-0.226,0.778
0.54,1.457,0.431,-0.231,0.777
0.55,1.455,0.439,-0.235,0.775
0.56,1.453,0.447,-0.239,0.774
0.57,1.45,0.455,-0.243,0.773
0.58,1.448,0.462,-0.247,0.772
0.59,1.445,0.47,-0.251,0.77
0.6,1.443,0.478,-0.255,0.769
0.61,1.44,0.485,-0.259,0.767
0.62,1.438,0.493,-0.264,0.766
0.63,1.435,0.501,-0.268,0.765
0.64,1.432,0.508,-0.272,0.763
0.65,1.429,0.516,-0.276,0.762
0.66,1.427,0.524,-0.28,0.76
0.67,1.424,0.531,-0.284,0.759
0.68,1.421,0.539,-0.288,0.757
0.69,1.418,0.546,-0.292,0.756
0.7,1.415,0.554,-0.296,0.754
0.71,1.412,0.561,-0.3,0.753
0.72,1.409,0.569,-0.304,0.751
0.73,1.406,0.576,-0.308,0.749
0.74,1.403,0.584,-0.312,0.748
0.75,1.4,0.591,-0.316,0.746
0.76,1.397,0.599,-0.32,0.744
0.77,1.393,0.606,-0.324,0.743
0.78,1.39,0.614,-0.328,0.741
0.79,1.387,0.621,-0.332,0.739
0.8,1.384,0.628,-0.336,0.737
0.81,1.38,0.636,-0.34,0.735
0.82,1.377,0.643,-0.344,0.734
0.83,1.373,0.651,-0.348,0.732
0.84,1.37,0.658,-0.352,0.73
0.85,1.366,0.665,-0.356,0.728
0.86,1.363,0.672,-0.359,0.726
0.87,1.359,0.68,-0.363,0.724
0.88,1.355,0.687,-0.367,0.722
0.89,1.352,0.694,-0.371,0.72
0.9,1.348,0.701,-0.375,0.718
0.91,1.344,0.708,-0.379,0.716
0.92,1.34,0.716,-0.383,0.714
0.93,1.337,0.723,-0.386,0.712
0.94,1.333,0.73,-0.39,0.71
0.95,1.329,0.737,-0.394,0.708
0.96,1.325,0.744,-0.398,0.706
0.97,1.321,0.751,-0.401,0.704
0.98,1.317,0.758,-0.405,0.702
0.99,1.313,0.765,-0.409,0.7
1.0,1.309,0.772,-0.413,0.697
1.01,1.304,0.779,-0.416,0.695
1.02,1.3,0.786,-0.42,0.693
1.03,1.296,0.793,-0.424,0.691
1.04,1.292,0.8,-0.428,0.688
1.05,1.288,0.807,-0.431,0.686
1.06,1.283,0.814,-0.435,0.684
1.07,1.279,0.82,-0.439,0.681
1.08,1.274,0.827,-0.442,0.679
1.09,1.27,0.834,-0.446,0.677
1.1,1.266,0.841,-0.449,0.674
1.11,1.261,0.847,-0.453,0.672
1.12,1.256,0.854,-0.457,0.669
1.13,1.252,0.861,-0.46,0.667
1.14,1.247,0.867,-0.464,0.665
1.15,1.243,0.874,-0.467,0.662
1.16,1.238,0.881,-0.471,0.66
1.17,1.233,0.887,-0.474,0.657
1.18,1.228,0.894,-0.478,0.655
1.19,1.224,0.9,-0.481,0.652
1.2,1.219,0.907,-0.485,0.649
1.21,1.214,0.913,-0.488,0.647
1.22,1.209,0.92,-0.492,0.644
1.23,1.204,0.926,-0.495,0.642
1.24,1.199,0.933,-0.499,0.639
1.25,1.194,0.939,-0.502,0.636
1.26,1.189,0.945,-0.505,0.634
1.27,1.184,0.952,-0.509,0.631
1.28,1.179,0.958,-0.512,0.628
1.29,1.174,0.964,-0.516,0.625
1.3,1.169,0.971,-0.519,0.623
1.31,1.163,0.977,-0.522,0.62
1.32,1.158,0.983,-0.526,0.617
1.33,1.153,0.989,-0.529,0.614
1.34,1.148,0.995,-0.532,0.611
1.35,1.142,1.001,-0.535,0.609
1.36,1.137,1.007,-0.539,0.606
1.37,1.131,1.013,-0.542,0.603
1.38,1.126,1.019,-0.545,0.6
1.39,1.121,1.025,-0.548,0.597
1.4,1.115,1.031,-0.552,0.594
1.41,1.11,1.037,-0.555,0.591
1.42,1.104,1.043,-0.558,0.588
1.43,1.098,1.049,-0.561,0.585
1.44,1.093,1.055,-0.564,0.582
1.45,1.087,1.061,-0.567,0.579
1.46,1.081,1.066,-0.57,0.576
1.47,1.076,1.072,-0.573,0.573
1.48,1.07,1.078,-0.576,0.57
1.49,1.064,1.084,-0.58,0.567
1.5,1.058,1.089,-0.583,0.564
1.51,1.053,1.095,-0.586,0.561
1.52,1.047,1.1,-0.589,0.558
1.53,1.041,1.106,-0.592,0.554
1.54,1.035,1.112,-0.594,0.551
1.55,1.029,1.117,-0.597,0.548
1.56,1.023,1.123,-0.6,0.545
1.57,1.017,1.128,-0.603,0.542
1.58,1.011,1.133,-0.606,0.538
1.59,1.005,1.139,-0.609,0.535
1.6,0.999,1.144,-0.612,0.532
1.61,0.992,1.149,-0.615,0.529
1.62,0.986,1.155,-0.618,0.525
1.63,0.98,1.16,-0.62,0.522
1.64,0.974,1.165,-0.623,0.519
1.65,0.968,1.17,-0.626,0.515
1.66,0.961,1.175,-0.629,0.512
1.67,0.955,1.18,-0.631,0.509
1.68,0.949,1.186,-0.634,0.505
1.69,0.942,1.191,-0.637,0.502
1.7,0.936,1.196,-0.64,0.498
1.71,0.93,1.201,-0.642,0.495
1.72,0.923,1.205,-0.645,0.492
1.73,0.917,1.21,-0.647,0.488
1.74,0.91,1.215,-0.65,0.485
1.75,0.904,1.22,-0.653,0.481
1.76,0.897,1.225,-0.655,0.478
1.77,0.891,1.23,-0.658,0.474
1.78,0.884,1.234,-0.66,0.471
1.79,0.877,1.239,-0.663,0.467
1.8,0.871,1.244,-0.665,0.464
1.81,0.864,1.248,-0.668,0.46
1.82,0.857,1.253,-0.67,0.456
1.83,0.851,1.257,-0.673,0.453
1.84,0.844,1.262,-0.675,0.449
1.85,0.837,1.266,-0.678,0.446
1.86,0.83,1.271,-0.68,0.442
1.87,0.824,1.275,-0.682,0.438
1.88,0.817,1.28,-0.685,0.435
1.89,0.81,1.284,-0.687,0.431
1.9,0.803,1.288,-0.689,0.427
1.91,0.796,1.293,-0.692,0.424
1.92,0.789,1.297,-0.694,0.42
1.93,0.782,1.301,-0.696,0.416
1.94,0.775,1.305,-0.698,0.413
1.95,0.768,1.309,-0.701,0.409
1.96,0.761,1.313,-0.703,0.405
1.97,0.754,1.317,-0.705,0.401
1.98,0.747,1.321,-0.707,0.398
1.99,0.74,1.325,-0.709,0.394
2.0,0.733,1.329,-0.711,0.39
2.01,0.726,1.333,-0.713,0.386
2.02,0.719,1.337,-0.715,0.382
2.03,0.712,1.341,-0.717,0.379
2.04,0.704,1.344,-0.719,0.375
2.05,0.697,1.348,-0.721,0.371
2.06,0.69,1.352,-0.723,0.367
2.07,0.683,1.356,-0.725,0.363
2.08,0.675,1.359,-0.727,0.359
2.09,0.668,1.363,-0.729,0.355
2.1,0.661,1.366,-0.731,0.351
2.11,0.654,1.37,-0.733,0.348
2.12,0.646,1.373,-0.735,0.344
2.13,0.639,1.377,-0.737,0.34
2.14,0.631,1.38,-0.739,0.336
2.15,0.624,1.383,-0.74,0.332
2.16,0.617,1.387,-0.742,0.328
2.17,0.609,1.39,-0.744,0.324
2.18,0.602,1.393,-0.746,0.32
2.19,0.594,1.396,-0.747,0.316
2.2,0.587,1.399,-0.749,0.312
2.21,0.579,1.403,-0.751,0.308
2.22,0.572,1.406,-0.752,0.304
2.23,0.564,1.409,-0.754,0.3
2.24,0.557,1.412,-0.756,0.296
2.25,0.549,1.414,-0.757,0.292
2.26,0.542,1.417,-0.759,0.288
2.27,0.534,1.42,-0.76,0.284
2.28,0.526,1.423,-0.762,0.28
2.29,0.519,1.426,-0.763,0.275
2.3,0.511,1.429,-0.765,0.271
2.31,0.503,1.431,-0.766,0.267
2.32,0.496,1.434,-0.768,0.263
2.33,0.488,1.437,-0.769,0.259
2.34,0.48,1.439,-0.77,0.255
2.35,0.473,1.442,-0.772,0.251
2.36,0.465,1.444,-0.773,0.247
2.37,0.457,1.447,-0.774,0.243
2.38,0.449,1.449,-0.776,0.238
2.39,0.442,1.451,-0.777,0.234
2.4,0.434,1.454,-0.778,0.23
2.41,0.426,1.456,-0.78,0.226
2.42,0.418,1.458,-0.781,0.222
2.43,0.411,1.46,-0.782,0.218
2.44,0.403,1.463,-0.783,0.213
2.45,0.395,1.465,-0.784,0.209
2.46,0.387,1.467,-0.785,0.205
2.47,0.379,1.469,-0.786,0.201
2.48,0.371,1.471,-0.788,0.197
2.49,0.363,1.473,-0.789,0.192
2.5,0.356,1.475,-0.79,0.188
2.51,0.348,1.476,-0.791,0.184
2.52,0.34,1.478,-0.792,0.18
2.53,0.332,1.48,-0.793,0.175
2.54,0.324,1.482,-0.793,0.171
2.55,0.316,1.483,-0.794,0.167
2.56,0.308,1.485,-0.795,0.163
2.57,0.3,1.487,-0.796,0.158
2.58,0.292,1.488,-0.797,0.154
2.59,0.284,1.49,-0.798,0.15
2.6,0.276,1.491,-0.799,0.146
2.61,0.268,1.493,-0.799,0.141
2.62,0.26,1.494,-0.8,0.137
2.63,0.252,1.495,-0.801,0.133
2.64,0.244,1.497,-0.802,0.129
2.65,0.236,1.498,-0.802,0.124
2.66,0.228,1.499,-0.803,0.12
2.67,0.22,1.5,-0.804,0.116
2.68,0.212,1.502,-0.804,0.111
2.69,0.204,1.503,-0.805,0.107
2.7,0.196,1.504,-0.805,0.103
2.71,0.188,1.505,-0.806,0.098
2.72,0.18,1.506,-0.806,0.094
2.73,0.172,1.507,-0.807,0.09
2.74,0.164,1.507,-0.807,0.085
2.75,0.156,1.508,-0.808,0.081
2.76,0.147,1.509,-0.808,0.077
2.77,0.139,1.51,-0.809,0.072
2.78,0.131,1.511,-0.809,0.068
2.79,0.123,1.511,-0.81,0.064
2.8,0.115,1.512,-0.81,0.059
2.81,0.107,1.512,-0.81,0.055
2.82,0.099,1.513,-0.81,0.051
2.83,0.091,1.513,-0.811,0.046
2.84,0.083,1.514,-0.811,0.042
2.85,0.075,1.514,-0.811,0.038
2.86,0.066,1.515,-0.811,0.033
2.87,0.058,1.515,-0.812,0.029
2.88,0.05,1.515,-0.812,0.025
2.89,0.042,1.515,-0.812,0.02
2.9,0.034,1.516,-0.812,0.016
2.91,0.026,1.516,-0.812,0.012
2.92,0.018,1.516,-0.812,0.007
2.93,0.01,1.516,-0.812,0.003
2.94,0.001,1.516,-0.812,-0.001
2.95,-0.007,1.516,-0.812,-0.006
2.96,-0.015,1.516,-0.812,-0.01
2.97,-0.023,1.516,-0.812,-0.014
2.98,-0.031,1.515,-0.812,-0.019
2.99,-0.039,1.515,-0.812,-0.023
3.0,-0.047,1.515,-0.812,-0.028
3.01,-0.055,1.515,-0.812,-0.032
3.02,-0.063,1.514,-0.812,-0.036
3.03,-0.072,1.514,-0.811,-0.041
3.04,-0.08,1.514,-0.811,-0.045
3.05,-0.088,1.513,-0.811,-0.049
3.06,-0.096,1.513,-0.811,-0.054
3.07,-0.104,1.512,-0.81,-0.058
3.08,-0.112,1.511,-0.81,-0.062
3.09,-0.12,1.511,-0.81,-0.067
3.1,-0.128,1.51,-0.809,-0.071
3.11,-0.136,1.509,-0.809,-0.075
3.12,-0.144,1.509,-0.809,-0.08
3.13,-0.153,1.508,-0.808,-0.084
3.14,-0.161,1.507,-0.808,-0.088
3.15,-0.169,1.506,-0.807,-0.093
3.16,-0.177,1.505,-0.807,-0.097
3.17,-0.185,1.504,-0.806,-0.101
3.18,-0.193,1.503,-0.806,-0.106
3.19,-0.201,1.502,-0.805,-0.11
3.2,-0.209,1.501,-0.804,-0.114
3.21,-0.217,1.5,-0.804,-0.119
3.22,-0.225,1.498,-0.803,-0.123
3.23,-0.233,1.497,-0.803,-0.127
3.24,-0.241,1.496,-0.802,-0.131
3.25,-0.249,1.495,-0.801,-0.136
3.26,-0.257,1.493,-0.8,-0.14
3.27,-0.265,1.492,-0.8,-0.144
3.28,-0.273,1.49,-0.799,-0.149
3.29,-0.281,1.489,-0.798,-0.153
3.3,-0.289,1.487,-0.797,-0.157
3.31,-0.297,1.486,-0.796,-0.161
3.32,-0.305,1.484,-0.796,-0.166
3.33,-0.313,1.482,-0.795,-0.17
3.34,-0.321,1.481,-0.794,-0.174
3.35,-0.329,1.479,-0.793,-0.179
3.36,-0.337,1.477,-0.792,-0.183
3.37,-0.345,1.475,-0.791,-0.187
3.38,-0.353,1.473,-0.79,-0.191
3.39,-0.361,1.471,-0.789,-0.196
3.4,-0.368,1.469,-0.788,-0.2
3.41,-0.376,1.467,-0.787,-0.204
3.42,-0.384,1.465,-0.786,-0.208
3.43,-0.392,1.463,-0.785,-0.212
3.44,-0.4,1.461,-0.783,-0.217
3.45,-0.408,1.459,-0.782,-0.221
3.46,-0.415,1.457,-0.781,-0.225
3.47,-0.423,1.454,-0.78,-0.229
3.48,-0.431,1.452,-0.779,-0.233
3.49,-0.439,1.45,-0.777,-0.238
3.5,-0.447,1.447,-0.776,-0.242
3.51,-0.454,1.445,-0.775,-0.246
3.52,-0.462,1.442,-0.773,-0.25
3.53,-0.47,1.44,-0.772,-0.254
3.54,-0.478,1.437,-0.771,-0.258
3.55,-0.485,1.435,-0.769,-0.262
3.56,-0.493,1.432,-0.768,-0.267
3.57,-0.501,1.429,-0.767,-0.271
3.58,-0.508,1.427,-0.765,-0.275
3.59,-0.516,1.424,-0.764,-0.279
3.6,-0.524,1.421,-0.762,-0.283
3.61,-0.531,1.418,-0.761,-0.287
3.62,-0.539,1.415,-0.759,-0.291
3.63,-0.546,1.412,-0.758,-0.295
3.64,-0.554,1.409,-0.756,-0.299
3.65,-0.561,1.406,-0.754,-0.303
3.66,-0.569,1.403,-0.753,-0.307
3.67,-0.577,1.4,-0.751,-0.311
3.68,-0.584,1.397,-0.749,-0.315
3.69,-0.592,1.394,-0.748,-0.319
3.7,-0.599,1.391,-0.746,-0.324
3.71,-0.606,1.387,-0.744,-0.328
3.72,-0.614,1.384,-0.742,-0.331
3.73,-0.621,1.381,-0.741,-0.335
3.74,-0.629,1.377,-0.739,-0.339
3.75,-0.636,1.374,-0.737,-0.343
3.76,-0.643,1.371,-0.735,-0.347
3.77,-0.651,1.367,-0.733,-0.351
3.78,-0.658,1.364,-0.731,-0.355
3.79,-0.665,1.36,-0.73,-0.359
3.8,-0.673,1.356,-0.728,-0.363
3.81,-0.68,1.353,-0.726,-0.367
3.82,-0.687,1.349,-0.724,-0.371
3.83,-0.694,1.345,-0.722,-0.375
3.84,-0.702,1.342,-0.72,-0.379
3.85,-0.709,1.338,-0.718,-0.382
3.86,-0.716,1.334,-0.716,-0.386
3.87,-0.723,1.33,-0.714,-0.39
3.88,-0.73,1.326,-0.711,-0.394
3.89,-0.737,1.322,-0.709,-0.398
3.9,-0.744,1.318,-0.707,-0.402
3.91,-0.751,1.314,-0.705,-0.405
3.92,-0.759,1.31,-0.703,-0.409
3.93,-0.766,1.306,-0.701,-0.413
3.94,-0.773,1.302,-0.698,-0.417
3.95,-0.78,1.298,-0.696,-0.42
3.96,-0.786,1.293,-0.694,-0.424
3.97,-0.793,1.289,-0.692,-0.428
3.98,-0.8,1.285,-0.689,-0.432
3.99,-0.807,1.28,-0.687,-0.435
4.0,-0.814,1.276,-0.685,-0.439
4.01,-0.821,1.272,-0.682,-0.443
4.02,-0.828,1.267,-0.68,-0.446
4.03,-0.834,1.263,-0.678,-0.45
4.04,-0.841,1.258,-0.675,-0.454
4.05,-0.848,1.254,-0.673,-0.457
4.06,-0.855,1.249,-0.67,-0.461
4.07,-0.861,1.244,-0.668,-0.464
4.08,-0.868,1.24,-0.665,-0.468
4.09,-0.875,1.235,-0.663,-0.472
4.1,-0.881,1.23,-0.66,-0.475
4.11,-0.888,1.226,-0.658,-0.479
4.12,-0.894,1.221,-0.655,-0.482
4.13,-0.901,1.216,-0.653,-0.486
4.14,-0.908,1.211,-0.65,-0.489
4.15,-0.914,1.206,-0.647,-0.493
4.16,-0.92,1.201,-0.645,-0.496
4.17,-0.927,1.196,-0.642,-0.5
4.18,-0.933,1.191,-0.639,-0.503
4.19,-0.94,1.186,-0.637,-0.507
4.2,-0.946,1.181,-0.634,-0.51
4.21,-0.952,1.176,-0.631,-0.513
4.22,-0.959,1.171,-0.628,-0.517
4.23,-0.965,1.166,-0.626,-0.52
4.24,-0.971,1.16,-0.623,-0.524
4.25,-0.977,1.155,-0.62,-0.527
4.26,-0.984,1.15,-0.617,-0.53
4.27,-0.99,1.145,-0.614,-0.533
4.28,-0.996,1.139,-0.612,-0.537
4.29,-1.002,1.134,-0.609,-0.54
4.3,-1.008,1.128,-0.606,-0.543
4.31,-1.014,1.123,-0.603,-0.547
4.32,-1.02,1.117,-0.6,-0.55
4.33,-1.026,1.112,-0.597,-0.553
4.34,-1.032,1.106,-0.594,-0.556
4.35,-1.038,1.101,-0.591,-0.559
4.36,-1.044,1.095,-0.588,-0.563
4.37,-1.05,1.09,-0.585,-0.566
4.38,-1.056,1.084,-0.582,-0.569
4.39,-1.061,1.078,-0.579,-0.572
4.4,-1.067,1.072,-0.576,-0.575
4.41,-1.073,1.067,-0.573,-0.578
4.42,-1.079,1.061,-0.57,-0.581
4.43,-1.084,1.055,-0.566,-0.584
4.44,-1.09,1.049,-0.563,-0.587
4.45,-1.096,1.043,-0.56,-0.59
4.46,-1.101,1.037,-0.557,-0.593
4.47,-1.107,1.031,-0.554,-0.596
4.48,-1.112,1.025,-0.551,-0.599
4.49,-1.118,1.019,-0.547,-0.602
4.5,-1.123,1.013,-0.544,-0.605
4.51,-1.129,1.007,-0.541,-0.608
4.52,-1.134,1.001,-0.538,-0.611
4.53,-1.139,0.995,-0.534,-0.614
4.54,-1.145,0.989,-0.531,-0.617
4.55,-1.15,0.983,-0.528,-0.62
4.56,-1.155,0.977,-0.524,-0.622
4.57,-1.16,0.97,-0.521,-0.625
4.58,-1.166,0.964,-0.518,-0.628
4.59,-1.171,0.958,-0.514,-0.631
4.6,-1.176,0.951,-0.511,-0.634
4.61,-1.181,0.945,-0.508,-0.636
4.62,-1.186,0.939,-0.504,-0.639
4.63,-1.191,0.932,-0.501,-0.642
4.64,-1.196,0.926,-0.497,-0.644
4.65,-1.201,0.919,-0.494,-0.647
4.66,-1.206,0.913,-0.49,-0.65
4.67,-1.211,0.906,-0.487,-0.652
4.68,-1.216,0.9,-0.483,-0.655
4.69,-1.22,0.893,-0.48,-0.658
4.7,-1.225,0.887,-0.476,-0.66
4.71,-1.23,0.88,-0.473,-0.663
4.72,-1.235,0.874,-0.469,-0.665
4.73,-1.239,0.867,-0.466,-0.668
4.74,-1.244,0.86,-0.462,-0.67
4.75,-1.249,0.853,-0.458,-0.673
4.76,-1.253,0.847,-0.455,-0.675
4.77,-1.258,0.84,-0.451,-0.678
4.78,-1.262,0.833,-0.447,-0.68
4.79,-1.267,0.826,-0.444,-0.682
4.8,-1.271,0.82,-0.44,-0.685
4.81,-1.275,0.813,-0.436,-0.687
4.82,-1.28,0.806,-0.433,-0.69
4.83,-1.284,0.799,-0.429,-0.692
4.84,-1.288,0.792,-0.425,-0.694
4.85,-1.293,0.785,-0.422,-0.696
4.86,-1.297,0.778,-0.418,-0.699
4.87,-1.301,0.771,-0.414,-0.701
4.88,-1.305,0.764,-0.41,-0.703
4.89,-1.309,0.757,-0.407,-0.705
4.9,-1.313,0.75,-0.403,-0.708
4.91,-1.317,0.743,-0.399,-0.71
4.92,-1.321,0.736,-0.395,-0.712
4.93,-1.325,0.729,-0.391,-0.714
4.94,-1.329,0.721,-0.387,-0.716
4.95,-1.333,0.714,-0.384,-0.718
4.96,-1.337,0.707,-0.38,-0.72
4.97,-1.341,0.7,-0.376,-0.722
4.98,-1.344,0.693,-0.372,-0.724
4.99,-1.348,0.685,-0.368,-0.726
5.0,-1.352,0.678,-0.364,-0.728
5.01,-1.355,0.671,-0.36,-0.73
5.02,-1.359,0.663,-0.356,-0.732
5.03,-1.362,0.656,-0.352,-0.734
5.04,-1.366,0.649,-0.348,-0.736
5.05,-1.369,0.641,-0.345,-0.738
5.06,-1.373,0.634,-0.341,-0.74
5.07,-1.376,0.627,-0.337,-0.741
5.08,-1.379,0.619,-0.333,-0.743
5.09,-1.383,0.612,-0.329,-0.745
5.1,-1.386,0.604,-0.325,-0.747
5.11,-1.389,0.597,-0.321,-0.748
5.12,-1.392,0.589,-0.317,-0.75
5.13,-1.396,0.582,-0.313,-0.752
5.14,-1.399,0.574,-0.308,-0.754
5.15,-1.402,0.567,-0.304,-0.755
5.16,-1.405,0.559,-0.3,-0.757
5.17,-1.408,0.552,-0.296,-0.758
5.18,-1.411,0.544,-0.292,-0.76
5.19,-1.414,0.536,-0.288,-0.762
5.2,-1.417,0.529,-0.284,-0.763
5.21,-1.419,0.521,-0.28,-0.765
5.22,-1.422,0.514,-0.276,-0.766
5.23,-1.425,0.506,-0.272,-0.768
5.24,-1.428,0.498,-0.268,-0.769
5.25,-1.43,0.49,-0.263,-0.771
5.26,-1.433,0.483,-0.259,-0.772
5.27,-1.435,0.475,-0.255,-0.773
5.28,-1.438,0.467,-0.251,-0.775
5.29,-1.44,0.46,-0.247,-0.776
5.3,-1.443,0.452,-0.243,-0.777
5.31,-1.445,0.444,-0.239,-0.779
5.32,-1.448,0.436,-0.234,-0.78
5.33,-1.45,0.428,-0.23,-0.781
5.34,-1.452,0.421,-0.226,-0.782
5.35,-1.454,0.413,-0.222,-0.784
5.36,-1.457,0.405,-0.218,-0.785
5.37,-1.459,0.397,-0.213,-0.786
5.38,-1.461,0.389,-0.209,-0.787
5.39,-1.463,0.381,-0.205,-0.788
5.4,-1.465,0.373,-0.201,-0.789
5.41,-1.467,0.366,-0.196,-0.79
5.42,-1.469,0.358,-0.192,-0.791
5.43,-1.471,0.35,-0.188,-0.792
5.44,-1.473,0.342,-0.184,-0.793
5.45,-1.475,0.334,-0.179,-0.794
5.46,-1.476,0.326,-0.175,-0.795
5.47,-1.478,0.318,-0.171,-0.796
5.48,-1.48,0.31,-0.167,-0.797
5.49,-1.481,0.302,-0.162,-0.798
5.5,-1.483,0.294,-0.158,-0.799
5.51,-1.485,0.286,-0.154,-0.8
5.52,-1.486,0.278,-0.149,-0.801
5.53,-1.487,0.27,-0.145,-0.801
5.54,-1.489,0.262,-0.141,-0.802
5.55,-1.49,0.254,-0.136,-0.803
5.56,-1.492,0.246,-0.132,-0.804
5.57,-1.493,0.238,-0.128,-0.804
5.58,-1.494,0.23,-0.123,-0.805
5.59,-1.495,0.222,-0.119,-0.806
5.6,-1.497,0.214,-0.115,-0.806
5.61,-1.498,0.206,-0.11,-0.807
5.62,-1.499,0.198,-0.106,-0.807
5.63,-1.5,0.189,-0.102,-0.808
5.64,-1.501,0.181,-0.097,-0.809
5.65,-1.502,0.173,-0.093,-0.809
5.66,-1.503,0.165,-0.089,-0.81
5.67,-1.504,0.157,-0.084,-0.81
5.68,-1.504,0.149,-0.08,-0.81
5.69,-1.505,0.141,-0.076,-0.811
5.7,-1.506,0.133,-0.071,-0.811
5.71,-1.507,0.125,-0.067,-0.812
5.72,-1.507,0.117,-0.063,-0.812
5.73,-1.508,0.108,-0.058,-0.812
5.74,-1.508,0.1,-0.054,-0.813
5.75,-1.509,0.092,-0.05,-0.813
5.76,-1.509,0.084,-0.045,-0.813
5.77,-1.51,0.076,-0.041,-0.813
5.78,-1.51,0.068,-0.036,-0.814
5.79,-1.511,0.06,-0.032,-0.814
5.8,-1.511,0.052,-0.028,-0.814
5.81,-1.511,0.043,-0.023,-0.814
5.82,-1.511,0.035,-0.019,-0.814
5.83,-1.511,0.027,-0.015,-0.814
5.84,-1.512,0.019,-0.01,-0.814
5.85,-1.512,0.011,-0.006,-0.814
5.86,-1.512,0.003,-0.001,-0.814
5.87,-1.512,-0.005,0.003,-0.814
5.88,-1.512,-0.014,0.007,-0.814
5.89,-1.512,-0.022,0.012,-0.814
5.9,-1.511,-0.03,0.016,-0.814
5.91,-1.511,-0.038,0.02,-0.814
5.92,-1.511,-0.046,0.025,-0.814
5.93,-1.511,-0.054,0.029,-0.814
5.94,-1.51,-0.062,0.034,-0.814
5.95,-1.51,-0.071,0.038,-0.814
5.96,-1.51,-0.079,0.042,-0.813
5.97,-1.509,-0.087,0.047,-0.813
5.98,-1.509,-0.095,0.051,-0.813
5.99,-1.508,-0.103,0.055,-0.813
6.0,-1.508,-0.111,0.06,-0.812
6.01,-1.507,-0.119,0.064,-0.812
6.02,-1.506,-0.127,0.068,-0.812
6.03,-1.506,-0.136,0.073,-0.811
6.04,-1.505,-0.144,0.077,-0.811
6.05,-1.504,-0.152,0.082,-0.81
6.06,-1.503,-0.16,0.086,-0.81
6.07,-1.502,-0.168,0.09,-0.809
6.08,-1.501,-0.176,0.095,-0.809
6.09,-1.5,-0.184,0.099,-0.808
6.1,-1.499,-0.192,0.103,-0.808
6.11,-1.498,-0.2,0.108,-0.807
6.12,-1.497,-0.208,0.112,-0.807
6.13,-1.496,-0.216,0.116,-0.806
6.14,-1.495,-0.225,0.121,-0.805
6.15,-1.494,-0.233,0.125,-0.805
6.16,-1.493,-0.241,0.129,-0.804
6.17,-1.491,-0.249,0.134,-0.803
6.18,-1.49,-0.257,0.138,-0.803
6.19,-1.488,-0.265,0.142,-0.802
6.2,-1.487,-0.273,0.147,-0.801
6.21,-1.486,-0.281,0.151,-0.8
6.22,-1.484,-0.289,0.155,-0.799
6.23,-1.482,-0.297,0.159,-0.799
6.24,-1.481,-0.305,0.164,-0.798
6.25,-1.479,-0.313,0.168,-0.797
6.26,-1.477,-0.321,0.172,-0.796
6.27,-1.476,-0.329,0.177,-0.795
6.28,-1.474,-0.337,0.181,-0.794
6.29,-1.472,-0.344,0.185,-0.793
6.3,-1.47,-0.352,0.189,-0.792
6.31,-1.468,-0.36,0.194,-0.791
6.32,-1.466,-0.368,0.198,-0.79
6.33,-1.464,-0.376,0.202,-0.789
6.34,-1.462,-0.384,0.206,-0.788
6.35,-1.46,-0.392,0.211,-0.787
6.36,-1.458,-0.4,0.215,-0.786
6.37,-1.456,-0.408,0.219,-0.784
6.38,-1.454,-0.415,0.223,-0.783
6.39,-1.451,-0.423,0.227,-0.782
6.4,-1.449,-0.431,0.232,-0.781
6.41,-1.447,-0.439,0.236,-0.779
6.42,-1.444,-0.447,0.24,-0.778
6.43,-1.442,-0.454,0.244,-0.777
6.44,-1.44,-0.462,0.248,-0.776
6.45,-1.437,-0.47,0.252,-0.774
6.46,-1.434,-0.478,0.257,-0.773
6.47,-1.432,-0.485,0.261,-0.771
6.48,-1.429,-0.493,0.265,-0.77
6.49,-1.427,-0.501,0.269,-0.769
6.5,-1.424,-0.508,0.273,-0.767
6.51,-1.421,-0.516,0.277,-0.766
6.52,-1.418,-0.524,0.281,-0.764
6.53,-1.416,-0.531,0.285,-0.763
6.54,-1.413,-0.539,0.29,-0.761
6.55,-1.41,-0.547,0.294,-0.759
6.56,-1.407,-0.554,0.298,-0.758
6.57,-1.404,-0.562,0.302,-0.756
6.58,-1.401,-0.569,0.306,-0.755
6.59,-1.398,-0.577,0.31,-0.753
6.6,-1.395,-0.584,0.314,-0.751
6.61,-1.391,-0.592,0.318,-0.75
6.62,-1.388,-0.599,0.322,-0.748
6.63,-1.385,-0.607,0.326,-0.746
6.64,-1.382,-0.614,0.33,-0.744
6.65,-1.378,-0.622,0.334,-0.743
6.66,-1.375,-0.629,0.338,-0.741
6.67,-1.372,-0.637,0.342,-0.739
6.68,-1.368,-0.644,0.346,-0.737
6.69,-1.365,-0.651,0.35,-0.735
6.7,-1.361,-0.659,0.354,-0.733
6.71,-1.358,-0.666,0.358,-0.731
6.72,-1.354,-0.673,0.362,-0.729
6.73,-1.35,-0.681,0.366,-0.728
6.74,-1.347,-0.688,0.369,-0.726
6.75,-1.343,-0.695,0.373,-0.724
6.76,-1.339,-0.702,0.377,-0.722
6.77,-1.335,-0.71,0.381,-0.719
6.78,-1.332,-0.717,0.385,-0.717
6.79,-1.328,-0.724,0.389,-0.715
6.8,-1.324,-0.731,0.393,-0.713
6.81,-1.32,-0.738,0.396,-0.711
6.82,-1.316,-0.745,0.4,-0.709
6.83,-1.312,-0.752,0.404,-0.707
6.84,-1.308,-0.759,0.408,-0.705
6.85,-1.304,-0.766,0.412,-0.702
6.86,-1.3,-0.773,0.415,-0.7
6.87,-1.295,-0.78,0.419,-0.698
6.88,-1.291,-0.787,0.423,-0.696
6.89,-1.287,-0.794,0.427,-0.693
6.9,-1.283,-0.801,0.43,-0.691
6.91,-1.278,-0.808,0.434,-0.689
6.92,-1.274,-0.815,0.438,-0.686
6.93,-1.27,-0.822,0.441,-0.684
6.94,-1.265,-0.829,0.445,-0.682
6.95,-1.261,-0.836,0.449,-0.679
6.96,-1.256,-0.842,0.452,-0.677
6.97,-1.252,-0.849,0.456,-0.674
6.98,-1.247,-0.856,0.46,-0.672
6.99,-1.242,-0.862,0.463,-0.669
7.0,-1.238,-0.869,0.467,-0.667
7.01,-1.233,-0.876,0.47,-0.664
7.02,-1.228,-0.882,0.474,-0.662
7.03,-1.224,-0.889,0.477,-0.659
7.04,-1.219,-0.896,0.481,-0.657
7.05,-1.214,-0.902,0.484,-0.654
7.06,-1.209,-0.909,0.488,-0.652
7.07,-1.204,-0.915,0.491,-0.649
7.08,-1.199,-0.922,0.495,-0.646
7.09,-1.194,-0.928,0.498,-0.644
7.1,-1.189,-0.935,0.502,-0.641
7.11,-1.184,-0.941,0.505,-0.638
7.12,-1.179,-0.947,0.509,-0.635
7.13,-1.174,-0.954,0.512,-0.633
7.14,-1.169,-0.96,0.515,-0.63
7.15,-1.164,-0.966,0.519,-0.627
7.16,-1.159,-0.973,0.522,-0.624
7.17,-1.153,-0.979,0.526,-0.622
7.18,-1.148,-0.985,0.529,-0.619
7.19,-1.143,-0.991,0.532,-0.616
7.2,-1.137,-0.997,0.535,-0.613
7.21,-1.132,-1.003,0.539,-0.61
7.22,-1.127,-1.009,0.542,-0.607
7.23,-1.121,-1.016,0.545,-0.604
7.24,-1.116,-1.022,0.548,-0.601
7.25,-1.11,-1.028,0.552,-0.598
7.26,-1.105,-1.034,0.555,-0.595
7.27,-1.099,-1.039,0.558,-0.592
7.28,-1.094,-1.045,0.561,-0.589
7.29,-1.088,-1.051,0.564,-0.586
7.3,-1.082,-1.057,0.568,-0.583
7.31,-1.077,-1.063,0.571,-0.58
7.32,-1.071,-1.069,0.574,-0.577
7.33,-1.065,-1.074,0.577,-0.574
7.34,-1.059,-1.08,0.58,-0.571
7.35,-1.054,-1.086,0.583,-0.568
7.36,-1.048,-1.092,0.586,-0.565
7.37,-1.042,-1.097,0.589,-0.561
7.38,-1.036,-1.103,0.592,-0.558
7.39,-1.03,-1.108,0.595,-0.555
7.4,-1.024,-1.114,0.598,-0.552
7.41,-1.018,-1.119,0.601,-0.549
7.42,-1.012,-1.125,0.604,-0.545
7.43,-1.006,-1.13,0.607,-0.542
7.44,-1.0,-1.136,0.61,-0.539
7.45,-0.994,-1.141,0.612,-0.536
7.46,-0.988,-1.146,0.615,-0.532
7.47,-0.981,-1.152,0.618,-0.529
7.48,-0.975,-1.157,0.621,-0.526
7.49,-0.969,-1.162,0.624,-0.522
7.5,-0.963,-1.167,0.627,-0.519
7.51,-0.957,-1.173,0.629,-0.516
7.52,-0.95,-1.178,0.632,-0.512
7.53,-0.944,-1.183,0.635,-0.509
7.54,-0.938,-1.188,0.638,-0.505
7.55,-0.931,-1.193,0.64,-0.502
7.56,-0.925,-1.198,0.643,-0.499
7.57,-0.918,-1.203,0.646,-0.495
7.58,-0.912,-1.208,0.648,-0.492
7.59,-0.905,-1.213,0.651,-0.488
7.6,-0.899,-1.218,0.653,-0.485
7.61,-0.892,-1.222,0.656,-0.481
7.62,-0.886,-1.227,0.659,-0.478
7.63,-0.879,-1.232,0.661,-0.474
7.64,-0.872,-1.237,0.664,-0.47
7.65,-0.866,-1.241,0.666,-0.467
7.66,-0.859,-1.246,0.669,-0.463
7.67,-0.852,-1.251,0.671,-0.46
7.68,-0.846,-1.255,0.674,-0.456
7.69,-0.839,-1.26,0.676,-0.452
7.7,-0.832,-1.264,0.678,-0.449
7.71,-0.825,-1.269,0.681,-0.445
7.72,-0.819,-1.273,0.683,-0.441
7.73,-0.812,-1.278,0.686,-0.438
7.74,-0.805,-1.282,0.688,-0.434
7.75,-0.798,-1.286,0.69,-0.43
7.76,-0.791,-1.291,0.692,-0.427
7.77,-0.784,-1.295,0.695,-0.423
7.78,-0.777,-1.299,0.697,-0.419
7.79,-0.77,-1.303,0.699,-0.415
7.8,-0.763,-1.307,0.701,-0.412
7.81,-0.756,-1.311,0.704,-0.408
7.82,-0.749,-1.315,0.706,-0.404
7.83,-0.742,-1.32,0.708,-0.4
7.84,-0.735,-1.323,0.71,-0.397
7.85,-0.728,-1.327,0.712,-0.393
7.86,-0.721,-1.331,0.714,-0.389
7.87,-0.714,-1.335,0.716,-0.385
7.88,-0.706,-1.339,0.718,-0.381
7.89,-0.699,-1.343,0.72,-0.377
7.9,-0.692,-1.347,0.722,-0.373
7.91,-0.685,-1.35,0.724,-0.37
7.92,-0.677,-1.354,0.726,-0.366
7.93,-0.67,-1.358,0.728,-0.362
7.94,-0.663,-1.361,0.73,-0.358
7.95,-0.656,-1.365,0.732,-0.354
7.96,-0.648,-1.368,0.734,-0.35
7.97,-0.641,-1.372,0.736,-0.346
7.98,-0.634,-1.375,0.738,-0.342
7.99,-0.626,-1.379,0.74,-0.338
8.0,-0.619,-1.382,0.741,-0.334
8.01,-0.611,-1.385,0.743,-0.33
8.02,-0.604,-1.389,0.745,-0.326
8.03,-0.596,-1.392,0.747,-0.322
8.04,-0.589,-1.395,0.748,-0.318
8.05,-0.581,-1.398,0.75,-0.314
8.06,-0.574,-1.401,0.752,-0.31
8.07,-0.566,-1.404,0.753,-0.306
8.08,-0.559,-1.407,0.755,-0.302
8.09,-0.551,-1.41,0.756,-0.298
8.1,-0.544,-1.413,0.758,-0.294
8.11,-0.536,-1.416,0.76,-0.29
8.12,-0.529,-1.419,0.761,-0.286
8.13,-0.521,-1.422,0.763,-0.282
8.14,-0.513,-1.425,0.764,-0.278
8.15,-0.506,-1.428,0.766,-0.273
8.16,-0.498,-1.43,0.767,-0.269
8.17,-0.49,-1.433,0.768,-0.265
8.18,-0.483,-1.436,0.77,-0.261
8.19,-0.475,-1.438,0.771,-0.257
8.2,-0.467,-1.441,0.773,-0.253
8.21,-0.459,-1.443,0.774,-0.249
8.22,-0.452,-1.446,0.775,-0.244
8.23,-0.444,-1.448,0.777,-0.24
8.24,-0.436,-1.451,0.778,-0.236
8.25,-0.428,-1.453,0.779,-0.232
8.26,-0.421,-1.455,0.78,-0.228
8.27,-0.413,-1.457,0.781,-0.224
8.28,-0.405,-1.46,0.783,-0.219
8.29,-0.397,-1.462,0.784,-0.215
8.3,-0.389,-1.464,0.785,-0.211
8.31,-0.381,-1.466,0.786,-0.207
8.32,-0.374,-1.468,0.787,-0.203
8.33,-0.366,-1.47,0.788,-0.198
8.34,-0.358,-1.472,0.789,-0.194
8.35,-0.35,-1.474,0.79,-0.19
8.36,-0.342,-1.476,0.791,-0.186
8.37,-0.334,-1.478,0.792,-0.181
8.38,-0.326,-1.479,0.793,-0.177
8.39,-0.318,-1.481,0.794,-0.173
8.4,-0.31,-1.483,0.795,-0.169
8.41,-0.302,-1.485,0.796,-0.164
8.42,-0.294,-1.486,0.797,-0.16
8.43,-0.286,-1.488,0.798,-0.156
8.44,-0.278,-1.489,0.798,-0.151
8.45,-0.27,-1.491,0.799,-0.147
8.46,-0.262,-1.492,0.8,-0.143
8.47,-0.254,-1.494,0.801,-0.139
8.48,-0.246,-1.495,0.801,-0.134
8.49,-0.238,-1.496,0.802,-0.13
8.5,-0.23,-1.498,0.803,-0.126
8.51,-0.222,-1.499,0.803,-0.121
8.52,-0.214,-1.5,0.804,-0.117
8.53,-0.206,-1.501,0.805,-0.113
8.54,-0.198,-1.502,0.805,-0.108
8.55,-0.19,-1.503,0.806,-0.104
8.56,-0.182,-1.504,0.806,-0.1
8.57,-0.174,-1.505,0.807,-0.095
8.58,-0.166,-1.506,0.807,-0.091
8.59,-0.158,-1.507,0.808,-0.087
8.6,-0.15,-1.508,0.808,-0.083
8.61,-0.142,-1.509,0.809,-0.078
8.62,-0.134,-1.51,0.809,-0.074
8.63,-0.126,-1.51,0.809,-0.069
8.64,-0.117,-1.511,0.81,-0.065
8.65,-0.109,-1.512,0.81,-0.061
8.66,-0.101,-1.512,0.81,-0.056
8.67,-0.093,-1.513,0.811,-0.052
8.68,-0.085,-1.513,0.811,-0.048
8.69,-0.077,-1.514,0.811,-0.043
8.7,-0.069,-1.514,0.811,-0.039
8.71,-0.061,-1.514,0.812,-0.035
8.72,-0.053,-1.515,0.812,-0.03
8.73,-0.044,-1.515,0.812,-0.026
8.74,-0.036,-1.515,0.812,-0.022
8.75,-0.028,-1.516,0.812,-0.017
8.76,-0.02,-1.516,0.812,-0.013
8.77,-0.012,-1.516,0.812,-0.009
8.78,-0.004,-1.516,0.812,-0.004
8.79,0.004,-1.516,0.812,0.0
8.8,0.012,-1.516,0.812,0.004
8.81,0.021,-1.516,0.812,0.009
8.82,0.029,-1.516,0.812,0.013
8.83,0.037,-1.516,0.812,0.017
8.84,0.045,-1.515,0.812,0.022
8.85,0.053,-1.515,0.812,0.026
8.86,0.061,-1.515,0.812,0.031
8.87,0.069,-1.514,0.811,0.035
8.88,0.077,-1.514,0.811,0.039
8.89,0.085,-1.514,0.811,0.044
8.9,0.094,-1.513,0.811,0.048
8.91,0.102,-1.513,0.81,0.052
8.92,0.11,-1.512,0.81,0.057
8.93,0.118,-1.512,0.81,0.061
8.94,0.126,-1.511,0.809,0.065
8.95,0.134,-1.51,0.809,0.07
8.96,0.142,-1.51,0.809,0.074
8.97,0.15,-1.509,0.808,0.078
8.98,0.158,-1.508,0.808,0.083
8.99,0.166,-1.507,0.807,0.087
9.0,0.174,-1.506,0.807,0.091
9.01,0.183,-1.505,0.806,0.096
9.02,0.191,-1.504,0.806,0.1
9.03,0.199,-1.503,0.805,0.104
9.04,0.207,-1.502,0.805,0.108
9.05,0.215,-1.501,0.804,0.113
9.06,0.223,-1.5,0.803,0.117
9.07,0.231,-1.499,0.803,0.121
9.08,0.239,-1.498,0.802,0.126
9.09,0.247,-1.496,0.801,0.13
9.1,0.255,-1.495,0.801,0.134
9.11,0.263,-1.494,0.8,0.139
9.12,0.271,-1.492,0.799,0.143
9.13,0.279,-1.491,0.798,0.147
9.14,0.287,-1.489,0.798,0.151
9.15,0.295,-1.488,0.797,0.156
9.16,0.303,-1.486,0.796,0.16
9.17,0.311,-1.485,0.795,0.164
9.18,0.319,-1.483,0.794,0.168
9.19,0.327,-1.481,0.793,0.173
9.2,0.335,-1.479,0.792,0.177
9.21,0.342,-1.478,0.791,0.181
9.22,0.35,-1.476,0.79,0.185
9.23,0.358,-1.474,0.789,0.19
9.24,0.366,-1.472,0.788,0.194
9.25,0.374,-1.47,0.787,0.198
9.26,0.382,-1.468,0.786,0.202
9.27,0.39,-1.466,0.785,0.206
9.28,0.398,-1.464,0.784,0.211
9.29,0.405,-1.462,0.783,0.215
9.3,0.413,-1.46,0.782,0.219
9.31,0.421,-1.457,0.78,0.223
9.32,0.429,-1.455,0.779,0.227
9.33,0.437,-1.453,0.778,0.232
9.34,0.444,-1.451,0.777,0.236
9.35,0.452,-1.448,0.775,0.24
9.36,0.46,-1.446,0.774,0.244
9.37,0.468,-1.443,0.773,0.248
9.38,0.475,-1.441,0.771,0.252
9.39,0.483,-1.438,0.77,0.256
9.4,0.491,-1.436,0.769,0.26
9.41,0.498,-1.433,0.767,0.265
9.42,0.506,-1.43,0.766,0.269
9.43,0.514,-1.428,0.764,0.273
9.44,0.521,-1.425,0.763,0.277
9.45,0.529,-1.422,0.761,0.281
9.46,0.537,-1.419,0.76,0.285
9.47,0.544,-1.416,0.758,0.289
9.48,0.552,-1.413,0.757,0.293
9.49,0.559,-1.411,0.755,0.297
9.5,0.567,-1.408,0.753,0.301
9.51,0.574,-1.405,0.752,0.305
9.52,0.582,-1.401,0.75,0.309
9.53,0.589,-1.398,0.748,0.313
9.54,0.597,-1.395,0.747,0.317
9.55,0.604,-1.392,0.745,0.321
9.56,0.612,-1.389,0.743,0.325
9.57,0.619,-1.385,0.742,0.329
9.58,0.627,-1.382,0.74,0.333
9.59,0.634,-1.379,0.738,0.337
9.6,0.641,-1.375,0.736,0.341
9.61,0.649,-1.372,0.734,0.345
9.62,0.656,-1.369,0.732,0.349
9.63,0.663,-1.365,0.731,0.353
9.64,0.671,-1.361,0.729,0.357
9.65,0.678,-1.358,0.727,0.361
9.66,0.685,-1.354,0.725,0.364
9.67,0.692,-1.351,0.723,0.368
9.68,0.7,-1.347,0.721,0.372
9.69,0.707,-1.343,0.719,0.376
9.7,0.714,-1.339,0.717,0.38
9.71,0.721,-1.336,0.715,0.384
9.72,0.728,-1.332,0.713,0.388
9.73,0.735,-1.328,0.711,0.391
9.74,0.743,-1.324,0.708,0.395
9.75,0.75,-1.32,0.706,0.399
9.76,0.757,-1.316,0.704,0.403
9.77,0.764,-1.312,0.702,0.406
9.78,0.771,-1.308,0.7,0.41
9.79,0.778,-1.304,0.698,0.414
9.8,0.785,-1.299,0.695,0.418
9.81,0.792,-1.295,0.693,0.421
9.82,0.798,-1.291,0.691,0.425
9.83,0.805,-1.287,0.688,0.429
9.84,0.812,-1.282,0.686,0.432
9.85,0.819,-1.278,0.684,0.436
9.86,0.826,-1.274,0.681,0.44
9.87,0.833,-1.269,0.679,0.443
9.88,0.84,-1.265,0.677,0.447
9.89,0.846,-1.26,0.674,0.451
9.9,0.853,-1.256,0.672,0.454
9.91,0.86,-1.251,0.669,0.458
9.92,0.866,-1.247,0.667,0.461
9.93,0.873,-1.242,0.664,0.465
9.94,0.88,-1.237,0.662,0.468
9.95,0.886,-1.233,0.659,0.472
9.96,0.893,-1.228,0.657,0.475
9.97,0.899,-1.223,0.654,0.479
9.98,0.906,-1.218,0.652,0.482
9.99,0.912,-1.214,0.649,0.486
10.0,0.919,-1.209,0.647,0.489
10.01,0.925,-1.204,0.644,0.493
10.02,0.932,-1.199,0.641,0.496
10.03,0.938,-1.194,0.639,0.5
10.04,0.945,-1.189,0.636,0.503
10.05,0.951,-1.184,0.633,0.506
10.06,0.957,-1.179,0.63,0.51
10.07,0.964,-1.174,0.628,0.513
10.08,0.97,-1.168,0.625,0.517
10.09,0.976,-1.163,0.622,0.52
10.1,0.982,-1.158,0.619,0.523
10.11,0.988,-1.153,0.617,0.526
10.12,0.995,-1.148,0.614,0.53
10.13,1.001,-1.142,0.611,0.533
10.14,1.007,-1.137,0.608,0.536
10.15,1.013,-1.131,0.605,0.54
10.16,1.019,-1.126,0.602,0.543
10.17,1.025,-1.121,0.599,0.546
10.18,1.031,-1.115,0.596,0.549
10.19,1.037,-1.11,0.593,0.552
10.2,1.043,-1.104,0.59,0.555
10.21,1.049,-1.099,0.588,0.559
10.22,1.055,-1.093,0.585,0.562
10.23,1.06,-1.087,0.581,0.565
10.24,1.066,-1.082,0.578,0.568
10.25,1.072,-1.076,0.575,0.571
10.26,1.078,-1.07,0.572,0.574
10.27,1.083,-1.064,0.569,0.577
10.28,1.089,-1.059,0.566,0.58
10.29,1.095,-1.053,0.563,0.583
10.3,1.1,-1.047,0.56,0.586
10.31,1.106,-1.041,0.557,0.589
10.32,1.111,-1.035,0.554,0.592
10.33,1.117,-1.029,0.55,0.595
10.34,1.122,-1.023,0.547,0.598
10.35,1.128,-1.017,0.544,0.601
10.36,1.133,-1.011,0.541,0.604
10.37,1.139,-1.005,0.538,0.607
10.38,1.144,-0.999,0.534,0.61
10.39,1.149,-0.993,0.531,0.612
10.4,1.155,-0.987,0.528,0.615
10.41,1.16,-0.981,0.524,0.618
10.42,1.165,-0.975,0.521,0.621
10.43,1.17,-0.968,0.518,0.624
10.44,1.176,-0.962,0.514,0.626
10.45,1.181,-0.956,0.511,0.629
10.46,1.186,-0.95,0.508,0.632
10.47,1.191,-0.943,0.504,0.634
10.48,1.196,-0.937,0.501,0.637
10.49,1.201,-0.93,0.497,0.64
10.5,1.206,-0.924,0.494,0.642
10.51,1.211,-0.918,0.491,0.645
10.52,1.216,-0.911,0.487,0.648
10.53,1.22,-0.905,0.484,0.65
10.54,1.225,-0.898,0.48,0.653
10.55,1.23,-0.892,0.477,0.655
10.56,1.235,-0.885,0.473,0.658
10.57,1.24,-0.878,0.47,0.66
10.58,1.244,-0.872,0.466,0.663
10.59,1.249,-0.865,0.463,0.665
10.6,1.253,-0.859,0.459,0.668
10.61,1.258,-0.852,0.455,0.67
10.62,1.263,-0.845,0.452,0.673
10.63,1.267,-0.838,0.448,0.675
10.64,1.272,-0.832,0.445,0.678
10.65,1.276,-0.825,0.441,0.68
10.66,1.28,-0.818,0.437,0.682
10.67,1.285,-0.811,0.434,0.685
10.68,1.289,-0.804,0.43,0.687
10.69,1.293,-0.797,0.426,0.689
10.7,1.298,-0.791,0.423,0.691
10.71,1.302,-0.784,0.419,0.694
10.72,1.306,-0.777,0.415,0.696
10.73,1.31,-0.77,0.411,0.698
10.74,1.314,-0.763,0.408,0.7
10.75,1.318,-0.756,0.404,0.702
10.76,1.322,-0.749,0.4,0.705
10.77,1.326,-0.742,0.396,0.707
10.78,1.33,-0.735,0.393,0.709
10.79,1.334,-0.727,0.389,0.711
10.8,1.338,-0.72,0.385,0.713
10.81,1.342,-0.713,0.381,0.715
10.82,1.346,-0.706,0.377,0.717
10.83,1.349,-0.699,0.374,0.719
10.84,1.353,-0.692,0.37,0.721
10.85,1.357,-0.684,0.366,0.723
10.86,1.36,-0.677,0.362,0.725
10.87,1.364,-0.67,0.358,0.727
10.88,1.368,-0.663,0.354,0.729
10.89,1.371,-0.655,0.35,0.731
10.9,1.375,-0.648,0.346,0.732
10.91,1.378,-0.641,0.342,0.734
10.92,1.381,-0.633,0.339,0.736
10.93,1.385,-0.626,0.335,0.738
10.94,1.388,-0.619,0.331,0.74
10.95,1.391,-0.611,0.327,0.741
10.96,1.395,-0.604,0.323,0.743
10.97,1.398,-0.596,0.319,0.745
10.98,1.401,-0.589,0.315,0.747
10.99,1.404,-0.581,0.311,0.748
11.0,1.407,-0.574,0.307,0.75
11.01,1.41,-0.566,0.303,0.751
11.02,1.413,-0.559,0.299,0.753
11.03,1.416,-0.551,0.295,0.755
11.04,1.419,-0.544,0.291,0.756
11.05,1.422,-0.536,0.287,0.758
11.06,1.425,-0.529,0.283,0.759
11.07,1.428,-0.521,0.278,0.761
11.08,1.43,-0.513,0.274,0.762
11.09,1.433,-0.506,0.27,0.764
11.1,1.436,-0.498,0.266,0.765
11.11,1.438,-0.49,0.262,0.767
11.12,1.441,-0.483,0.258,0.768
11.13,1.444,-0.475,0.254,0.769
11.14,1.446,-0.467,0.25,0.771
11.15,1.449,-0.46,0.246,0.772
11.16,1.451,-0.452,0.242,0.773
11.17,1.453,-0.444,0.237,0.775
11.18,1.456,-0.436,0.233,0.776
11.19,1.458,-0.429,0.229,0.777
11.2,1.46,-0.421,0.225,0.778
11.21,1.463,-0.413,0.221,0.779
11.22,1.465,-0.405,0.217,0.781
11.23,1.467,-0.398,0.212,0.782
11.24,1.469,-0.39,0.208,0.783
11.25,1.471,-0.382,0.204,0.784
11.26,1.473,-0.374,0.2,0.785
11.27,1.475,-0.366,0.196,0.786
11.28,1.477,-0.358,0.191,0.787
11.29,1.479,-0.35,0.187,0.788
11.3,1.481,-0.343,0.183,0.789
11.31,1.483,-0.335,0.179,0.79
11.32,1.484,-0.327,0.175,0.791
11.33,1.486,-0.319,0.17,0.792
11.34,1.488,-0.311,0.166,0.793
11.35,1.489,-0.303,0.162,0.794
11.36,1.491,-0.295,0.158,0.795
11.37,1.493,-0.287,0.153,0.795
11.38,1.494,-0.279,0.149,0.796
11.39,1.496,-0.271,0.145,0.797
11.4,1.497,-0.263,0.141,0.798
11.41,1.498,-0.255,0.136,0.798
11.42,1.5,-0.247,0.132,0.799
11.43,1.501,-0.239,0.128,0.8
11.44,1.502,-0.231,0.124,0.801
11.45,1.503,-0.223,0.119,0.801
11.46,1.505,-0.215,0.115,0.802
11.47,1.506,-0.207,0.111,0.802
11.48,1.507,-0.199,0.106,0.803
11.49,1.508,-0.191,0.102,0.804
11.5,1.509,-0.183,0.098,0.804
11.51,1.51,-0.175,0.094,0.805
11.52,1.511,-0.167,0.089,0.805
11.53,1.512,-0.159,0.085,0.806
11.54,1.512,-0.151,0.081,0.806
11.55,1.513,-0.143,0.076,0.806
11.56,1.514,-0.135,0.072,0.807
11.57,1.515,-0.127,0.068,0.807
11.58,1.515,-0.119,0.063,0.808
11.59,1.516,-0.111,0.059,0.808
11.6,1.517,-0.102,0.055,0.808
11.61,1.517,-0.094,0.05,0.808
11.62,1.518,-0.086,0.046,0.809
11.63,1.518,-0.078,0.042,0.809
11.64,1.518,-0.07,0.037,0.809
11.65,1.519,-0.062,0.033,0.809
11.66,1.519,-0.054,0.029,0.809
11.67,1.519,-0.046,0.024,0.81
11.68,1.52,-0.038,0.02,0.81
11.69,1.52,-0.03,0.016,0.81
11.7,1.52,-0.022,0.011,0.81
11.71,1.52,-0.013,0.007,0.81
11.72,1.52,-0.005,0.003,0.81
11.73,1.52,0.003,-0.001,0.81
11.74,1.52,0.011,-0.006,0.81
11.75,1.52,0.019,-0.01,0.81
11.76,1.52,0.027,-0.014,0.81
11.77,1.52,0.035,-0.019,0.81
11.78,1.519,0.043,-0.023,0.81
11.79,1.519,0.051,-0.027,0.81
11.8,1.519,0.059,-0.032,0.809
11.81,1.518,0.068,-0.036,0.809
11.82,1.518,0.076,-0.04,0.809
11.83,1.518,0.084,-0.045,0.809
11.84,1.517,0.092,-0.049,0.809
11.85,1.517,0.1,-0.053,0.808
11.86,1.516,0.108,-0.058,0.808
11.87,1.516,0.116,-0.062,0.808
11.88,1.515,0.124,-0.066,0.807
11.89,1.514,0.132,-0.071,0.807
11.9,1.513,0.14,-0.075,0.807
11.91,1.513,0.148,-0.079,0.806
11.92,1.512,0.156,-0.084,0.806
11.93,1.511,0.164,-0.088,0.805
11.94,1.51,0.173,-0.092,0.805
11.95,1.509,0.181,-0.096,0.804
11.96,1.508,0.189,-0.101,0.804
11.97,1.507,0.197,-0.105,0.803
11.98,1.506,0.205,-0.109,0.803
11.99,1.505,0.213,-0.114,0.802
12.0,1.504,0.221,-0.118,0.801
12.01,1.503,0.229,-0.122,0.801
12.02,1.501,0.237,-0.126,0.8
12.03,1.5,0.245,-0.131,0.799
12.04,1.499,0.253,-0.135,0.799
12.05,1.497,0.261,-0.139,0.798
12.06,1.496,0.269,-0.144,0.797
12.07,1.495,0.277,-0.148,0.796
12.08,1.493,0.285,-0.152,0.796
12.09,1.492,0.293,-0.156,0.795
12.1,1.49,0.3,-0.161,0.794
12.11,1.488,0.308,-0.165,0.793
12.12,1.487,0.316,-0.169,0.792
12.13,1.485,0.324,-0.173,0.791
12.14,1.483,0.332,-0.178,0.79
12.15,1.481,0.34,-0.182,0.789
12.16,1.48,0.348,-0.186,0.788
12.17,1.478,0.356,-0.19,0.787
12.18,1.476,0.364,-0.194,0.786
12.19,1.474,0.372,-0.199,0.785
12.2,1.472,0.379,-0.203,0.784
12.21,1.47,0.387,-0.207,0.783
12.22,1.468,0.395,-0.211,0.782
12.23,1.465,0.403,-0.215,0.781
12.24,1.463,0.411,-0.219,0.78
12.25,1.461,0.418,-0.224,0.779
12.26,1.459,0.426,-0.228,0.777
12.27,1.457,0.434,-0.232,0.776
12.28,1.454,0.442,-0.236,0.775
12.29,1.452,0.45,-0.24,0.774
12.3,1.449,0.457,-0.244,0.772
12.31,1.447,0.465,-0.249,0.771
12.32,1.444,0.473,-0.253,0.77
12.33,1.442,0.48,-0.257,0.768
12.34,1.439,0.488,-0.261,0.767
12.35,1.437,0.496,-0.265,0.766
12.36,1.434,0.503,-0.269,0.764
12.37,1.431,0.511,-0.273,0.763
12.38,1.429,0.519,-0.277,0.761
12.39,1.426,0.526,-0.281,0.76
12.4,1.423,0.534,-0.285,0.758
12.41,1.42,0.541,-0.289,0.757
12.42,1.417,0.549,-0.293,0.755
12.43,1.414,0.556,-0.297,0.754
12.44,1.411,0.564,-0.301,0.752
12.45,1.408,0.572,-0.305,0.75
12.46,1.405,0.579,-0.309,0.749
12.47,1.402,0.587,-0.313,0.747
12.48,1.399,0.594,-0.317,0.745
12.49,1.396,0.601,-0.321,0.744
12.5,1.392,0.609,-0.325,0.742
12.51,1.389,0.616,-0.329,0.74
12.52,1.386,0.624,-0.333,0.738
12.53,1.382,0.631,-0.337,0.737
12.54,1.379,0.638,-0.341,0.735
12.55,1.376,0.646,-0.345,0.733
12.56,1.372,0.653,-0.349,0.731
12.57,1.369,0.66,-0.353,0.729
12.58,1.365,0.668,-0.357,0.727
12.59,1.361,0.675,-0.361,0.725
12.6,1.358,0.682,-0.365,0.724
12.61,1.354,0.689,-0.368,0.722
12.62,1.35,0.697,-0.372,0.72
12.63,1.347,0.704,-0.376,0.718
12.64,1.343,0.711,-0.38,0.716
12.65,1.339,0.718,-0.384,0.714
12.66,1.335,0.725,-0.388,0.712
12.67,1.331,0.732,-0.391,0.709
12.68,1.327,0.739,-0.395,0.707
12.69,1.323,0.746,-0.399,0.705
12.7,1.319,0.753,-0.403,0.703
12.71,1.315,0.761,-0.407,0.701
12.72,1.311,0.768,-0.41,0.699
12.73,1.307,0.774,-0.414,0.697
12.74,1.303,0.781,-0.418,0.694
12.75,1.299,0.788,-0.421,0.692
12.76,1.295,0.795,-0.425,0.69
12.77,1.29,0.802,-0.429,0.688
12.78,1.286,0.809,-0.432,0.685
12.79,1.282,0.816,-0.436,0.683
12.8,1.277,0.823,-0.44,0.681
12.81,1.273,0.829,-0.443,0.678
12.82,1.268,0.836,-0.447,0.676
12.83,1.264,0.843,-0.451,0.673
12.84,1.259,0.85,-0.454,0.671
12.85,1.255,0.856,-0.458,0.669
12.86,1.25,0.863,-0.461,0.666
12.87,1.246,0.87,-0.465,0.664
12.88,1.241,0.876,-0.469,0.661
12.89,1.236,0.883,-0.472,0.659
12.9,1.232,0.89,-0.476,0.656
12.91,1.227,0.896,-0.479,0.654
12.92,1.222,0.903,-0.483,0.651
12.93,1.217,0.909,-0.486,0.649
12.94,1.212,0.916,-0.49,0.646
12.95,1.207,0.922,-0.493,0.643
12.96,1.202,0.928,-0.496,0.641
12.97,1.197,0.935,-0.5,0.638
12.98,1.192,0.941,-0.503,0.635
12.99,1.187,0.948,-0.507,0.633
13.0,1.182,0.954,-0.51,0.63
13.01,1.177,0.96,-0.513,0.627
13.02,1.172,0.966,-0.517,0.624
13.03,1.167,0.973,-0.52,0.622
13.04,1.162,0.979,-0.523,0.619
13.05,1.156,0.985,-0.527,0.616
13.06,1.151,0.991,-0.53,0.613
13.07,1.146,0.997,-0.533,0.61
13.08,1.14,1.003,-0.537,0.608
13.09,1.135,1.009,-0.54,0.605
13.1,1.13,1.015,-0.543,0.602
13.11,1.124,1.021,-0.546,0.599
13.12,1.119,1.027,-0.549,0.596
13.13,1.113,1.033,-0.553,0.593
13.14,1.108,1.039,-0.556,0.59
13.15,1.102,1.045,-0.559,0.587
13.16,1.096,1.051,-0.562,0.584
13.17,1.091,1.057,-0.565,0.581
13.18,1.085,1.063,-0.568,0.578
13.19,1.079,1.068,-0.571,0.575
13.2,1.074,1.074,-0.574,0.572
13.21,1.068,1.08,-0.578,0.569
13.22,1.062,1.086,-0.581,0.566
13.23,1.056,1.091,-0.584,0.563
13.24,1.05,1.097,-0.587,0.56
13.25,1.045,1.102,-0.59,0.556
13.26,1.039,1.108,-0.593,0.553
13.27,1.033,1.113,-0.595,0.55
13.28,1.027,1.119,-0.598,0.547
13.29,1.021,1.124,-0.601,0.544
13.3,1.015,1.13,-0.604,0.541
13.31,1.009,1.135,-0.607,0.537
13.32,1.003,1.141,-0.61,0.534
13.33,0.996,1.146,-0.613,0.531
13.34,0.99,1.151,-0.616,0.527
13.35,0.984,1.156,-0.619,0.524
13.36,0.978,1.162,-0.621,0.521
13.37,0.972,1.167,-0.624,0.518
13.38,0.966,1.172,-0.627,0.514
13.39,0.959,1.177,-0.63,0.511
13.4,0.953,1.182,-0.632,0.507
13.41,0.947,1.187,-0.635,0.504
13.42,0.94,1.192,-0.638,0.501
13.43,0.934,1.197,-0.64,0.497
13.44,0.927,1.202,-0.643,0.494
13.45,0.921,1.207,-0.646,0.49
13.46,0.914,1.212,-0.648,0.487
13.47,0.908,1.217,-0.651,0.484
13.48,0.901,1.222,-0.654,0.48
13.49,0.895,1.227,-0.656,0.477
13.5,0.888,1.231,-0.659,0.473
13.51,0.882,1.236,-0.661,0.469
13.52,0.875,1.241,-0.664,0.466
13.53,0.868,1.245,-0.666,0.462
13.54,0.862,1.25,-0.669,0.459
13.55,0.855,1.254,-0.671,0.455
13.56,0.848,1.259,-0.674,0.452
13.57,0.842,1.264,-0.676,0.448
13.58,0.835,1.268,-0.678,0.444
13.59,0.828,1.272,-0.681,0.441
13.6,0.821,1.277,-0.683,0.437
13.61,0.814,1.281,-0.685,0.434
13.62,0.808,1.285,-0.688,0.43
13.63,0.801,1.29,-0.69,0.426
13.64,0.794,1.294,-0.692,0.422
13.65,0.787,1.298,-0.695,0.419
13.66,0.78,1.302,-0.697,0.415
13.67,0.773,1.306,-0.699,0.411
13.68,0.766,1.311,-0.701,0.408
13.69,0.759,1.315,-0.703,0.404
13.7,0.752,1.319,-0.706,0.4
13.71,0.745,1.323,-0.708,0.396
13.72,0.738,1.327,-0.71,0.392
13.73,0.731,1.33,-0.712,0.389
13.74,0.723,1.334,-0.714,0.385
13.75,0.716,1.338,-0.716,0.381
13.76,0.709,1.342,-0.718,0.377
13.77,0.702,1.346,-0.72,0.373
13.78,0.695,1.349,-0.722,0.37
13.79,0.687,1.353,-0.724,0.366
13.8,0.68,1.357,-0.726,0.362
13.81,0.673,1.36,-0.728,0.358
13.82,0.666,1.364,-0.73,0.354
13.83,0.658,1.367,-0.732,0.35
13.84,0.651,1.371,-0.734,0.346
13.85,0.644,1.374,-0.736,0.342
13.86,0.636,1.378,-0.737,0.338
13.87,0.629,1.381,-0.739,0.334
13.88,0.621,1.384,-0.741,0.33
13.89,0.614,1.388,-0.743,0.326
13.9,0.607,1.391,-0.744,0.322
13.91,0.599,1.394,-0.746,0.318
13.92,0.592,1.397,-0.748,0.314
13.93,0.584,1.4,-0.75,0.31
13.94,0.577,1.404,-0.751,0.306
13.95,0.569,1.407,-0.753,0.302
13.96,0.562,1.41,-0.755,0.298
13.97,0.554,1.413,-0.756,0.294
13.98,0.547,1.415,-0.758,0.29
13.99,0.539,1.418,-0.759,0.286
14.0,0.531,1.421,-0.761,0.282
14.01,0.524,1.424,-0.762,0.278
14.02,0.516,1.427,-0.764,0.274
14.03,0.508,1.43,-0.765,0.27
14.04,0.501,1.432,-0.767,0.266
14.05,0.493,1.435,-0.768,0.262
14.06,0.485,1.437,-0.77,0.258
14.07,0.478,1.44,-0.771,0.254
14.08,0.47,1.442,-0.772,0.249
14.09,0.462,1.445,-0.774,0.245
14.1,0.455,1.447,-0.775,0.241
14.11,0.447,1.45,-0.776,0.237
14.12,0.439,1.452,-0.777,0.233
14.13,0.431,1.454,-0.779,0.229
14.14,0.423,1.457,-0.78,0.225
14.15,0.416,1.459,-0.781,0.22
14.16,0.408,1.461,-0.782,0.216
14.17,0.4,1.463,-0.783,0.212
14.18,0.392,1.465,-0.785,0.208
14.19,0.384,1.467,-0.786,0.204
14.2,0.376,1.469,-0.787,0.199
14.21,0.369,1.471,-0.788,0.195
14.22,0.361,1.473,-0.789,0.191
14.23,0.353,1.475,-0.79,0.187
14.24,0.345,1.477,-0.791,0.182
14.25,0.337,1.479,-0.792,0.178
14.26,0.329,1.481,-0.793,0.174
14.27,0.321,1.482,-0.794,0.17
14.28,0.313,1.484,-0.795,0.165
14.29,0.305,1.486,-0.796,0.161
14.3,0.297,1.487,-0.796,0.157
14.31,0.289,1.489,-0.797,0.153
14.32,0.281,1.49,-0.798,0.148
14.33,0.273,1.492,-0.799,0.144
14.34,0.265,1.493,-0.8,0.14
14.35,0.257,1.495,-0.8,0.136
14.36,0.249,1.496,-0.801,0.131
14.37,0.241,1.497,-0.802,0.127
14.38,0.233,1.498,-0.803,0.123
14.39,0.225,1.5,-0.803,0.118
14.4,0.217,1.501,-0.804,0.114
14.41,0.209,1.502,-0.804,0.11
14.42,0.201,1.503,-0.805,0.106
14.43,0.193,1.504,-0.806,0.101
14.44,0.185,1.505,-0.806,0.097
14.45,0.177,1.506,-0.807,0.093
14.46,0.169,1.507,-0.807,0.088
14.47,0.161,1.508,-0.808,0.084
14.48,0.153,1.509,-0.808,0.08
14.49,0.145,1.509,-0.809,0.075
14.5,0.137,1.51,-0.809,0.071
14.51,0.128,1.511,-0.809,0.067
14.52,0.12,1.511,-0.81,0.062
14.53,0.112,1.512,-0.81,0.058
14.54,0.104,1.513,-0.81,0.054
14.55,0.096,1.513,-0.811,0.049
14.56,0.088,1.514,-0.811,0.045
14.57,0.08,1.514,-0.811,0.041
14.58,0.072,1.514,-0.811,0.036
14.59,0.064,1.515,-0.811,0.032
14.6,0.056,1.515,-0.812,0.028
14.61,0.047,1.515,-0.812,0.023
14.62,0.039,1.515,-0.812,0.019
14.63,0.031,1.516,-0.812,0.014
14.64,0.023,1.516,-0.812,0.01
14.65,0.015,1.516,-0.812,0.006
14.66,0.007,1.516,-0.812,0.001
14.67,-0.001,1.516,-0.812,-0.003
14.68,-0.009,1.516,-0.812,-0.007
14.69,-0.018,1.516,-0.812,-0.012
14.7,-0.026,1.516,-0.812,-0.016
14.71,-0.034,1.515,-0.812,-0.02
14.72,-0.042,1.515,-0.812,-0.025
14.73,-0.05,1.515,-0.812,-0.029
14.74,-0.058,1.515,-0.812,-0.033
14.75,-0.066,1.514,-0.811,-0.038
14.76,-0.074,1.514,-0.811,-0.042
14.77,-0.082,1.513,-0.811,-0.046
14.78,-0.091,1.513,-0.811,-0.051
14.79,-0.099,1.512,-0.81,-0.055
14.8,-0.107,1.512,-0.81,-0.059
14.81,-0.115,1.511,-0.81,-0.064
14.82,-0.123,1.511,-0.81,-0.068
14.83,-0.131,1.51,-0.809,-0.072
14.84,-0.139,1.509,-0.809,-0.077
14.85,-0.147,1.508,-0.808,-0.081
14.86,-0.155,1.507,-0.808,-0.085
14.87,-0.163,1.507,-0.807,-0.09
14.88,-0.172,1.506,-0.807,-0.094
14.89,-0.18,1.505,-0.806,-0.098
14.9,-0.188,1.504,-0.806,-0.103
14.91,-0.196,1.503,-0.805,-0.107
14.92,-0.204,1.502,-0.805,-0.111
14.93,-0.212,1.5,-0.804,-0.116
14.94,-0.22,1.499,-0.804,-0.12
14.95,-0.228,1.498,-0.803,-0.124
14.96,-0.236,1.497,-0.802,-0.129
14.97,-0.244,1.495,-0.802,-0.133
14.98,-0.252,1.494,-0.801,-0.137
14.99,-0.26,1.493,-0.8,-0.142
15.0,-0.268,1.491,-0.799,-0.146
15.01,-0.276,1.49,-0.799,-0.15
15.02,-0.284,1.488,-0.798,-0.154
15.03,-0.292,1.487,-0.797,-0.159
15.04,-0.3,1.485,-0.796,-0.163
15.05,-0.308,1.483,-0.795,-0.167
15.06,-0.316,1.482,-0.794,-0.171
15.07,-0.324,1.48,-0.793,-0.176
15.08,-0.332,1.478,-0.793,-0.18
15.09,-0.34,1.476,-0.792,-0.184
15.1,-0.347,1.475,-0.791,-0.189
15.11,-0.355,1.473,-0.79,-0.193
15.12,-0.363,1.471,-0.789,-0.197
15.13,-0.371,1.469,-0.787,-0.201
15.14,-0.379,1.467,-0.786,-0.205
15.15,-0.387,1.465,-0.785,-0.21
15.16,-0.395,1.462,-0.784,-0.214
15.17,-0.403,1.46,-0.783,-0.218
15.18,-0.41,1.458,-0.782,-0.222
15.19,-0.418,1.456,-0.781,-0.226
15.2,-0.426,1.454,-0.779,-0.231
15.21,-0.434,1.451,-0.778,-0.235
15.22,-0.442,1.449,-0.777,-0.239
15.23,-0.449,1.446,-0.776,-0.243
15.24,-0.457,1.444,-0.774,-0.247
15.25,-0.465,1.442,-0.773,-0.251
15.26,-0.473,1.439,-0.772,-0.256
15.27,-0.48,1.436,-0.77,-0.26
15.28,-0.488,1.434,-0.769,-0.264
15.29,-0.496,1.431,-0.767,-0.268
15.3,-0.503,1.428,-0.766,-0.272
15.31,-0.511,1.426,-0.765,-0.276
15.32,-0.519,1.423,-0.763,-0.28
15.33,-0.526,1.42,-0.762,-0.284
15.34,-0.534,1.417,-0.76,-0.289
15.35,-0.541,1.414,-0.759,-0.293
15.36,-0.549,1.411,-0.757,-0.297
15.37,-0.557,1.408,-0.755,-0.301
15.38,-0.564,1.405,-0.754,-0.305
15.39,-0.572,1.402,-0.752,-0.309
15.4,-0.579,1.399,-0.75,-0.313
15.41,-0.587,1.396,-0.749,-0.317
15.42,-0.594,1.393,-0.747,-0.321
15.43,-0.602,1.39,-0.745,-0.325
15.44,-0.609,1.386,-0.744,-0.329
15.45,-0.616,1.383,-0.742,-0.333
15.46,-0.624,1.38,-0.74,-0.337
15.47,-0.631,1.376,-0.738,-0.341
15.48,-0.639,1.373,-0.736,-0.345
15.49,-0.646,1.369,-0.735,-0.349
15.5,-0.653,1.366,-0.733,-0.353
15.51,-0.661,1.362,-0.731,-0.357
15.52,-0.668,1.359,-0.729,-0.361
15.53,-0.675,1.355,-0.727,-0.364
15.54,-0.682,1.351,-0.725,-0.368
15.55,-0.69,1.348,-0.723,-0.372
15.56,-0.697,1.344,-0.721,-0.376
15.57,-0.704,1.34,-0.719,-0.38
15.58,-0.711,1.336,-0.717,-0.384
15.59,-0.718,1.333,-0.715,-0.388
15.6,-0.726,1.329,-0.713,-0.392
15.61,-0.733,1.325,-0.711,-0.395
15.62,-0.74,1.321,-0.709,-0.399
15.63,-0.747,1.317,-0.706,-0.403
15.64,-0.754,1.313,-0.704,-0.407
15.65,-0.761,1.309,-0.702,-0.411
15.66,-0.768,1.304,-0.7,-0.414
15.67,-0.775,1.3,-0.698,-0.418
15.68,-0.782,1.296,-0.695,-0.422
15.69,-0.789,1.292,-0.693,-0.426
15.7,-0.796,1.288,-0.691,-0.429
15.71,-0.803,1.283,-0.689,-0.433
15.72,-0.81,1.279,-0.686,-0.437
15.73,-0.816,1.275,-0.684,-0.44
15.74,-0.823,1.27,-0.682,-0.444
15.75,-0.83,1.266,-0.679,-0.448
15.76,-0.837,1.261,-0.677,-0.451
15.77,-0.844,1.257,-0.674,-0.455
15.78,-0.85,1.252,-0.672,-0.459
15.79,-0.857,1.248,-0.669,-0.462
15.8,-0.864,1.243,-0.667,-0.466
15.81,-0.87,1.238,-0.664,-0.469
15.82,-0.877,1.233,-0.662,-0.473
15.83,-0.884,1.229,-0.659,-0.476
15.84,-0.89,1.224,-0.657,-0.48
15.85,-0.897,1.219,-0.654,-0.483
15.86,-0.903,1.214,-0.652,-0.487
15.87,-0.91,1.209,-0.649,-0.49
15.88,-0.916,1.204,-0.646,-0.494
15.89,-0.923,1.2,-0.644,-0.497
15.9,-0.929,1.195,-0.641,-0.501
15.91,-0.936,1.189,-0.638,-0.504
15.92,-0.942,1.184,-0.636,-0.508
15.93,-0.948,1.179,-0.633,-0.511
15.94,-0.955,1.174,-0.63,-0.515
15.95,-0.961,1.169,-0.627,-0.518
15.96,-0.967,1.164,-0.625,-0.521
15.97,-0.973,1.159,-0.622,-0.525
15.98,-0.98,1.153,-0.619,-0.528
15.99,-0.986,1.148,-0.616,-0.531
16.0,-0.992,1.143,-0.613,-0.535
16.01,-0.998,1.137,-0.611,-0.538
16.02,-1.004,1.132,-0.608,-0.541
16.03,-1.01,1.127,-0.605,-0.544
16.04,-1.016,1.121,-0.602,-0.548
16.05,-1.022,1.116,-0.599,-0.551
16.06,-1.028,1.11,-0.596,-0.554
16.07,-1.034,1.105,-0.593,-0.557
16.08,-1.04,1.099,-0.59,-0.561
16.09,-1.046,1.093,-0.587,-0.564
16.1,-1.052,1.088,-0.584,-0.567
16.11,-1.058,1.082,-0.581,-0.57
16.12,-1.063,1.076,-0.578,-0.573
16.13,-1.069,1.071,-0.575,-0.576
16.14,-1.075,1.065,-0.572,-0.579
16.15,-1.081,1.059,-0.568,-0.582
16.16,-1.086,1.053,-0.565,-0.585
16.17,-1.092,1.047,-0.562,-0.588
16.18,-1.097,1.041,-0.559,-0.591
16.19,-1.103,1.035,-0.556,-0.594
16.2,-1.109,1.029,-0.553,-0.597
16.21,-1.114,1.023,-0.549,-0.6
16.22,-1.12,1.017,-0.546,-0.603
16.23,-1.125,1.011,-0.543,-0.606
16.24,-1.13,1.005,-0.54,-0.609
16.25,-1.136,0.999,-0.536,-0.612
16.26,-1.141,0.993,-0.533,-0.615
16.27,-1.146,0.987,-0.53,-0.618
16.28,-1.152,0.981,-0.527,-0.621
16.29,-1.157,0.974,-0.523,-0.623
16.3,-1.162,0.968,-0.52,-0.626
16.31,-1.167,0.962,-0.517,-0.629
16.32,-1.173,0.956,-0.513,-0.632
16.33,-1.178,0.949,-0.51,-0.635
16.34,-1.183,0.943,-0.506,-0.637
16.35,-1.188,0.937,-0.503,-0.64
16.36,-1.193,0.93,-0.499,-0.643
16.37,-1.198,0.924,-0.496,-0.645
16.38,-1.203,0.917,-0.493,-0.648
16.39,-1.208,0.911,-0.489,-0.651
16.4,-1.213,0.904,-0.486,-0.653
16.41,-1.217,0.898,-0.482,-0.656
16.42,-1.222,0.891,-0.479,-0.659
16.43,-1.227,0.885,-0.475,-0.661
16.44,-1.232,0.878,-0.471,-0.664
16.45,-1.236,0.871,-0.468,-0.666
16.46,-1.241,0.865,-0.464,-0.669
16.47,-1.246,0.858,-0.461,-0.671
16.48,-1.25,0.851,-0.457,-0.674
16.49,-1.255,0.844,-0.453,-0.676
16.5,-1.259,0.838,-0.45,-0.678
16.51,-1.264,0.831,-0.446,-0.681
16.52,-1.268,0.824,-0.443,-0.683
16.53,-1.273,0.817,-0.439,-0.686
16.54,-1.277,0.81,-0.435,-0.688
16.55,-1.281,0.803,-0.431,-0.69
16.56,-1.286,0.796,-0.428,-0.693
16.57,-1.29,0.79,-0.424,-0.695
16.58,-1.294,0.783,-0.42,-0.697
16.59,-1.298,0.776,-0.417,-0.699
16.6,-1.302,0.769,-0.413,-0.702
16.61,-1.307,0.762,-0.409,-0.704
16.62,-1.311,0.755,-0.405,-0.706
16.63,-1.315,0.747,-0.401,-0.708
16.64,-1.319,0.74,-0.398,-0.71
16.65,-1.323,0.733,-0.394,-0.713
16.66,-1.327,0.726,-0.39,-0.715
16.67,-1.33,0.719,-0.386,-0.717
16.68,-1.334,0.712,-0.382,-0.719
16.69,-1.338,0.705,-0.378,-0.721
16.7,-1.342,0.697,-0.375,-0.723
16.71,-1.346,0.69,-0.371,-0.725
16.72,-1.349,0.683,-0.367,-0.727
16.73,-1.353,0.676,-0.363,-0.729
16.74,-1.356,0.668,-0.359,-0.731
16.75,-1.36,0.661,-0.355,-0.733
16.76,-1.364,0.654,-0.351,-0.735
16.77,-1.367,0.646,-0.347,-0.737
16.78,-1.371,0.639,-0.343,-0.738
16.79,-1.374,0.631,-0.339,-0.74
16.8,-1.377,0.624,-0.335,-0.742
16.81,-1.381,0.617,-0.331,-0.744
16.82,-1.384,0.609,-0.327,-0.746
16.83,-1.387,0.602,-0.323,-0.747
16.84,-1.39,0.594,-0.319,-0.749
16.85,-1.394,0.587,-0.315,-0.751
16.86,-1.397,0.579,-0.311,-0.752
16.87,-1.4,0.572,-0.307,-0.754
16.88,-1.403,0.564,-0.303,-0.756
16.89,-1.406,0.557,-0.299,-0.757
16.9,-1.409,0.549,-0.295,-0.759
16.91,-1.412,0.541,-0.291,-0.761
16.92,-1.415,0.534,-0.287,-0.762
16.93,-1.417,0.526,-0.283,-0.764
16.94,-1.42,0.519,-0.279,-0.765
16.95,-1.423,0.511,-0.274,-0.767
16.96,-1.426,0.503,-0.27,-0.768
16.97,-1.428,0.496,-0.266,-0.77
16.98,-1.431,0.488,-0.262,-0.771
16.99,-1.434,0.48,-0.258,-0.772
17.0,-1.436,0.472,-0.254,-0.774
17.01,-1.439,0.465,-0.25,-0.775
17.02,-1.441,0.457,-0.245,-0.776
17.03,-1.444,0.449,-0.241,-0.778
17.04,-1.446,0.441,-0.237,-0.779
17.05,-1.448,0.434,-0.233,-0.78
17.06,-1.451,0.426,-0.229,-0.782
17.07,-1.453,0.418,-0.224,-0.783
17.08,-1.455,0.41,-0.22,-0.784
17.09,-1.457,0.402,-0.216,-0.785
17.1,-1.46,0.394,-0.212,-0.786
17.11,-1.462,0.386,-0.208,-0.787
17.12,-1.464,0.379,-0.203,-0.789
17.13,-1.466,0.371,-0.199,-0.79
17.14,-1.468,0.363,-0.195,-0.791
17.15,-1.47,0.355,-0.191,-0.792
17.16,-1.471,0.347,-0.186,-0.793
17.17,-1.473,0.339,-0.182,-0.794
17.18,-1.475,0.331,-0.178,-0.795
17.19,-1.477,0.323,-0.174,-0.796
17.2,-1.479,0.315,-0.169,-0.797
17.21,-1.48,0.307,-0.165,-0.797
17.22,-1.482,0.299,-0.161,-0.798
17.23,-1.483,0.291,-0.156,-0.799
17.24,-1.485,0.283,-0.152,-0.8
17.25,-1.487,0.275,-0.148,-0.801
17.26,-1.488,0.267,-0.144,-0.802
17.27,-1.489,0.259,-0.139,-0.802
17.28,-1.491,0.251,-0.135,-0.803
17.29,-1.492,0.243,-0.131,-0.804
17.3,-1.493,0.235,-0.126,-0.805
17.31,-1.495,0.227,-0.122,-0.805
17.32,-1.496,0.219,-0.118,-0.806
17.33,-1.497,0.211,-0.113,-0.806
17.34,-1.498,0.203,-0.109,-0.807
17.35,-1.499,0.195,-0.105,-0.808
17.36,-1.5,0.187,-0.1,-0.808
17.37,-1.501,0.179,-0.096,-0.809
17.38,-1.502,0.171,-0.092,-0.809
17.39,-1.503,0.162,-0.087,-0.81
17.4,-1.504,0.154,-0.083,-0.81
17.41,-1.505,0.146,-0.079,-0.811
17.42,-1.505,0.138,-0.074,-0.811
17.43,-1.506,0.13,-0.07,-0.811
17.44,-1.507,0.122,-0.065,-0.812
17.45,-1.507,0.114,-0.061,-0.812
17.46,-1.508,0.106,-0.057,-0.812
17.47,-1.509,0.098,-0.052,-0.813
17.48,-1.509,0.089,-0.048,-0.813
17.49,-1.51,0.081,-0.044,-0.813
17.5,-1.51,0.073,-0.039,-0.813
17.51,-1.51,0.065,-0.035,-0.814
17.52,-1.511,0.057,-0.031,-0.814
17.53,-1.511,0.049,-0.026,-0.814
17.54,-1.511,0.041,-0.022,-0.814
17.55,-1.511,0.032,-0.017,-0.814
17.56,-1.512,0.024,-0.013,-0.814
17.57,-1.512,0.016,-0.009,-0.814
17.58,-1.512,0.008,-0.004,-0.814
17.59,-1.512,-0.0,0.0,-0.814
17.6,-1.512,-0.008,0.004,-0.814
17.61,-1.512,-0.016,0.009,-0.814
17.62,-1.512,-0.025,0.013,-0.814
17.63,-1.511,-0.033,0.018,-0.814
17.64,-1.511,-0.041,0.022,-0.814
17.65,-1.511,-0.049,0.026,-0.814
17.66,-1.511,-0.057,0.031,-0.814
17.67,-1.51,-0.065,0.035,-0.814
17.68,-1.51,-0.073,0.039,-0.813
17.69,-1.51,-0.082,0.044,-0.813
17.7,-1.509,-0.09,0.048,-0.813
17.71,-1.509,-0.098,0.053,-0.813
17.72,-1.508,-0.106,0.057,-0.812
17.73,-1.507,-0.114,0.061,-0.812
17.74,-1.507,-0.122,0.066,-0.812
17.75,-1.506,-0.13,0.07,-0.811
17.76,-1.505,-0.138,0.074,-0.811
17.77,-1.505,-0.147,0.079,-0.811
17.78,-1.504,-0.155,0.083,-0.81
17.79,-1.503,-0.163,0.087,-0.81
17.8,-1.502,-0.171,0.092,-0.809
17.81,-1.501,-0.179,0.096,-0.809
17.82,-1.5,-0.187,0.1,-0.808
17.83,-1.499,-0.195,0.105,-0.808
17.84,-1.498,-0.203,0.109,-0.807
17.85,-1.497,-0.211,0.113,-0.806
17.86,-1.496,-0.219,0.118,-0.806
17.87,-1.495,-0.227,0.122,-0.805
17.88,-1.493,-0.235,0.126,-0.805
17.89,-1.492,-0.243,0.131,-0.804
17.9,-1.491,-0.251,0.135,-0.803
17.91,-1.489,-0.259,0.139,-0.802
17.92,-1.488,-0.267,0.144,-0.802
17.93,-1.486,-0.275,0.148,-0.801
17.94,-1.485,-0.284,0.152,-0.8
17.95,-1.483,-0.291,0.157,-0.799
17.96,-1.482,-0.299,0.161,-0.798
17.97,-1.48,-0.307,0.165,-0.797
17.98,-1.479,-0.315,0.169,-0.797
17.99,-1.477,-0.323,0.174,-0.796
18.0,-1.475,-0.331,0.178,-0.795
18.01,-1.473,-0.339,0.182,-0.794
18.02,-1.471,-0.347,0.187,-0.793
18.03,-1.47,-0.355,0.191,-0.792
18.04,-1.468,-0.363,0.195,-0.791
18.05,-1.466,-0.371,0.199,-0.79
18.06,-1.464,-0.379,0.204,-0.789
18.07,-1.462,-0.387,0.208,-0.787
18.08,-1.459,-0.395,0.212,-0.786
18.09,-1.457,-0.402,0.216,-0.785
18.1,-1.455,-0.41,0.22,-0.784
18.11,-1.453,-0.418,0.225,-0.783
18.12,-1.451,-0.426,0.229,-0.782
18.13,-1.448,-0.434,0.233,-0.78
18.14,-1.446,-0.442,0.237,-0.779
18.15,-1.444,-0.449,0.241,-0.778
18.16,-1.441,-0.457,0.246,-0.776
18.17,-1.439,-0.465,0.25,-0.775
18.18,-1.436,-0.473,0.254,-0.774
18.19,-1.434,-0.48,0.258,-0.772
18.2,-1.431,-0.488,0.262,-0.771
18.21,-1.428,-0.496,0.266,-0.77
18.22,-1.426,-0.503,0.27,-0.768
18.23,-1.423,-0.511,0.275,-0.767
18.24,-1.42,-0.519,0.279,-0.765
18.25,-1.417,-0.526,0.283,-0.764
18.26,-1.415,-0.534,0.287,-0.762
18.27,-1.412,-0.542,0.291,-0.761
18.28,-1.409,-0.549,0.295,-0.759
18.29,-1.406,-0.557,0.299,-0.757
18.3,-1.403,-0.564,0.303,-0.756
18.31,-1.4,-0.572,0.307,-0.754
18.32,-1.397,-0.579,0.311,-0.752
18.33,-1.393,-0.587,0.315,-0.751
18.34,-1.39,-0.595,0.319,-0.749
18.35,-1.387,-0.602,0.323,-0.747
18.36,-1.384,-0.609,0.327,-0.746
18.37,-1.381,-0.617,0.331,-0.744
18.38,-1.377,-0.624,0.335,-0.742
18.39,-1.374,-0.632,0.339,-0.74
18.4,-1.37,-0.639,0.343,-0.738
18.41,-1.367,-0.647,0.347,-0.736
18.42,-1.363,-0.654,0.351,-0.735
18.43,-1.36,-0.661,0.355,-0.733
18.44,-1.356,-0.669,0.359,-0.731
18.45,-1.353,-0.676,0.363,-0.729
18.46,-1.349,-0.683,0.367,-0.727
18.47,-1.345,-0.69,0.371,-0.725
18.48,-1.342,-0.698,0.375,-0.723
18.49,-1.338,-0.705,0.379,-0.721
18.5,-1.334,-0.712,0.382,-0.719
18.51,-1.33,-0.719,0.386,-0.717
18.52,-1.326,-0.726,0.39,-0.715
18.53,-1.322,-0.733,0.394,-0.712
18.54,-1.319,-0.741,0.398,-0.71
18.55,-1.315,-0.748,0.402,-0.708
18.56,-1.31,-0.755,0.405,-0.706
18.57,-1.306,-0.762,0.409,-0.704
18.58,-1.302,-0.769,0.413,-0.702
18.59,-1.298,-0.776,0.417,-0.699
18.6,-1.294,-0.783,0.42,-0.697
18.61,-1.29,-0.79,0.424,-0.695
18.62,-1.285,-0.797,0.428,-0.693
18.63,-1.281,-0.804,0.432,-0.69
18.64,-1.277,-0.811,0.435,-0.688
18.65,-1.272,-0.817,0.439,-0.686
18.66,-1.268,-0.824,0.443,-0.683
18.67,-1.264,-0.831,0.446,-0.681
18.68,-1.259,-0.838,0.45,-0.678
18.69,-1.255,-0.845,0.454,-0.676
18.7,-1.25,-0.851,0.457,-0.674
18.71,-1.245,-0.858,0.461,-0.671
18.72,-1.241,-0.865,0.464,-0.669
18.73,-1.236,-0.871,0.468,-0.666
18.74,-1.231,-0.878,0.472,-0.664
18.75,-1.227,-0.885,0.475,-0.661
18.76,-1.222,-0.891,0.479,-0.658
18.77,-1.217,-0.898,0.482,-0.656
18.78,-1.212,-0.904,0.486,-0.653
18.79,-1.207,-0.911,0.489,-0.651
18.8,-1.203,-0.917,0.493,-0.648
18.81,-1.198,-0.924,0.496,-0.645
18.82,-1.193,-0.93,0.5,-0.643
18.83,-1.188,-0.937,0.503,-0.64
18.84,-1.183,-0.943,0.506,-0.637
18.85,-1.177,-0.95,0.51,-0.634
18.86,-1.172,-0.956,0.513,-0.632
18.87,-1.167,-0.962,0.517,-0.629
18.88,-1.162,-0.968,0.52,-0.626
18.89,-1.157,-0.975,0.523,-0.623
18.9,-1.152,-0.981,0.527,-0.621
18.91,-1.146,-0.987,0.53,-0.618
18.92,-1.141,-0.993,0.533,-0.615
18.93,-1.136,-0.999,0.537,-0.612
18.94,-1.13,-1.005,0.54,-0.609
18.95,-1.125,-1.012,0.543,-0.606
18.96,-1.119,-1.018,0.546,-0.603
18.97,-1.114,-1.024,0.55,-0.6
18.98,-1.108,-1.03,0.553,-0.597
18.99,-1.103,-1.036,0.556,-0.594
19.0,-1.097,-1.042,0.559,-0.591
19.01,-1.092,-1.047,0.562,-0.588
19.02,-1.086,-1.053,0.565,-0.585
19.03,-1.08,-1.059,0.569,-0.582
19.04,-1.075,-1.065,0.572,-0.579
19.05,-1.069,-1.071,0.575,-0.576
19.06,-1.063,-1.076,0.578,-0.573
19.07,-1.057,-1.082,0.581,-0.57
19.08,-1.052,-1.088,0.584,-0.567
19.09,-1.046,-1.093,0.587,-0.564
19.1,-1.04,-1.099,0.59,-0.56
19.11,-1.034,-1.105,0.593,-0.557
19.12,-1.028,-1.11,0.596,-0.554
19.13,-1.022,-1.116,0.599,-0.551
19.14,-1.016,-1.121,0.602,-0.548
19.15,-1.01,-1.127,0.605,-0.544
19.16,-1.004,-1.132,0.608,-0.541
19.17,-0.998,-1.138,0.611,-0.538
19.18,-0.992,-1.143,0.613,-0.535
19.19,-0.986,-1.148,0.616,-0.531
19.2,-0.979,-1.154,0.619,-0.528
19.21,-0.973,-1.159,0.622,-0.525
19.22,-0.967,-1.164,0.625,-0.521
19.23,-0.961,-1.169,0.628,-0.518
19.24,-0.954,-1.174,0.63,-0.514
19.25,-0.948,-1.18,0.633,-0.511
19.26,-0.942,-1.185,0.636,-0.508
19.27,-0.935,-1.19,0.639,-0.504
19.28,-0.929,-1.195,0.641,-0.501
19.29,-0.922,-1.2,0.644,-0.497
19.3,-0.916,-1.205,0.647,-0.494
19.31,-0.91,-1.21,0.649,-0.49
19.32,-0.903,-1.214,0.652,-0.487
19.33,-0.897,-1.219,0.654,-0.483
19.34,-0.89,-1.224,0.657,-0.48
19.35,-0.883,-1.229,0.66,-0.476
19.36,-0.877,-1.234,0.662,-0.473
19.37,-0.87,-1.238,0.665,-0.469
19.38,-0.863,-1.243,0.667,-0.466
19.39,-0.857,-1.248,0.67,-0.462
19.4,-0.85,-1.252,0.672,-0.458
19.41,-0.843,-1.257,0.674,-0.455
19.42,-0.837,-1.261,0.677,-0.451
19.43,-0.83,-1.266,0.679,-0.448
19.44,-0.823,-1.27,0.682,-0.444
19.45,-0.816,-1.275,0.684,-0.44
19.46,-0.809,-1.279,0.686,-0.436
19.47,-0.802,-1.283,0.689,-0.433
19.48,-0.796,-1.288,0.691,-0.429
19.49,-0.789,-1.292,0.693,-0.425
19.5,-0.782,-1.296,0.696,-0.422
19.51,-0.775,-1.3,0.698,-0.418
19.52,-0.768,-1.305,0.7,-0.414
19.53,-0.761,-1.309,0.702,-0.41
19.54,-0.754,-1.313,0.704,-0.407
19.55,-0.747,-1.317,0.707,-0.403
19.56,-0.74,-1.321,0.709,-0.399
19.57,-0.732,-1.325,0.711,-0.395
19.58,-0.725,-1.329,0.713,-0.391
19.59,-0.718,-1.333,0.715,-0.388
19.6,-0.711,-1.337,0.717,-0.384
19.61,-0.704,-1.34,0.719,-0.38
19.62,-0.697,-1.344,0.721,-0.376
19.63,-0.689,-1.348,0.723,-0.372
19.64,-0.682,-1.352,0.725,-0.368
19.65,-0.675,-1.355,0.727,-0.364
19.66,-0.668,-1.359,0.729,-0.36
19.67,-0.66,-1.362,0.731,-0.356
19.68,-0.653,-1.366,0.733,-0.353
19.69,-0.646,-1.37,0.735,-0.349
19.7,-0.638,-1.373,0.737,-0.345
19.71,-0.631,-1.376,0.738,-0.341
19.72,-0.624,-1.38,0.74,-0.337
19.73,-0.616,-1.383,0.742,-0.333
19.74,-0.609,-1.386,0.744,-0.329
19.75,-0.601,-1.39,0.745,-0.325
19.76,-0.594,-1.393,0.747,-0.321
19.77,-0.586,-1.396,0.749,-0.317
19.78,-0.579,-1.399,0.751,-0.313
19.79,-0.571,-1.402,0.752,-0.309
19.8,-0.564,-1.405,0.754,-0.305
19.81,-0.556,-1.408,0.755,-0.301
19.82,-0.549,-1.411,0.757,-0.297
19.83,-0.541,-1.414,0.759,-0.292
19.84,-0.534,-1.417,0.76,-0.288
19.85,-0.526,-1.42,0.762,-0.284
19.86,-0.518,-1.423,0.763,-0.28
19.87,-0.511,-1.426,0.765,-0.276
19.88,-0.503,-1.429,0.766,-0.272
19.89,-0.495,-1.431,0.768,-0.268
19.9,-0.488,-1.434,0.769,-0.264
19.91,-0.48,-1.436,0.77,-0.26
19.92,-0.472,-1.439,0.772,-0.255
19.93,-0.465,-1.442,0.773,-0.251
19.94,-0.457,-1.444,0.774,-0.247
19.95,-0.449,-1.447,0.776,-0.243
19.96,-0.441,-1.449,0.777,-0.239
19.97,-0.434,-1.451,0.778,-0.235
19.98,-0.426,-1.454,0.779,-0.23
19.99,-0.418,-1.456,0.781,-0.226
20.0,-0.41,-1.458,0.782,-0.222
20.01,-0.402,-1.46,0.783,-0.218
20.02,-0.394,-1.463,0.784,-0.214
20.03,-0.387,-1.465,0.785,-0.21
20.04,-0.379,-1.467,0.786,-0.205
20.05,-0.371,-1.469,0.787,-0.201
20.06,-0.363,-1.471,0.789,-0.197
20.07,-0.355,-1.473,0.79,-0.193
20.08,-0.347,-1.475,0.791,-0.188
20.09,-0.339,-1.476,0.792,-0.184
20.1,-0.331,-1.478,0.793,-0.18
20.11,-0.323,-1.48,0.793,-0.176
20.12,-0.315,-1.482,0.794,-0.171
20.13,-0.308,-1.483,0.795,-0.167
20.14,-0.3,-1.485,0.796,-0.163
20.15,-0.292,-1.487,0.797,-0.159
20.16,-0.284,-1.488,0.798,-0.154
20.17,-0.276,-1.49,0.799,-0.15
20.18,-0.268,-1.491,0.799,-0.146
20.19,-0.26,-1.493,0.8,-0.141
20.2,-0.252,-1.494,0.801,-0.137
20.21,-0.244,-1.495,0.802,-0.133
20.22,-0.236,-1.497,0.802,-0.129
20.23,-0.228,-1.498,0.803,-0.124
20.24,-0.22,-1.499,0.804,-0.12
20.25,-0.212,-1.5,0.804,-0.116
20.26,-0.203,-1.502,0.805,-0.111
20.27,-0.195,-1.503,0.805,-0.107
20.28,-0.187,-1.504,0.806,-0.103
20.29,-0.179,-1.505,0.807,-0.098
20.3,-0.171,-1.506,0.807,-0.094
20.31,-0.163,-1.507,0.807,-0.09
20.32,-0.155,-1.507,0.808,-0.085
20.33,-0.147,-1.508,0.808,-0.081
20.34,-0.139,-1.509,0.809,-0.077
20.35,-0.131,-1.51,0.809,-0.072
20.36,-0.123,-1.511,0.81,-0.068
20.37,-0.115,-1.511,0.81,-0.064
20.38,-0.107,-1.512,0.81,-0.059
20.39,-0.098,-1.512,0.811,-0.055
20.4,-0.09,-1.513,0.811,-0.051
20.41,-0.082,-1.513,0.811,-0.046
20.42,-0.074,-1.514,0.811,-0.042
20.43,-0.066,-1.514,0.811,-0.038
20.44,-0.058,-1.515,0.812,-0.033
20.45,-0.05,-1.515,0.812,-0.029
20.46,-0.042,-1.515,0.812,-0.025
20.47,-0.034,-1.515,0.812,-0.02
20.48,-0.025,-1.516,0.812,-0.016
20.49,-0.017,-1.516,0.812,-0.011
20.5,-0.009,-1.516,0.812,-0.007
20.51,-0.001,-1.516,0.812,-0.003
20.52,0.007,-1.516,0.812,0.002
20.53,0.015,-1.516,0.812,0.006
20.54,0.023,-1.516,0.812,0.01
20.55,0.031,-1.516,0.812,0.015
20.56,0.04,-1.515,0.812,0.019
20.57,0.048,-1.515,0.812,0.023
20.58,0.056,-1.515,0.812,0.028
20.59,0.064,-1.515,0.811,0.032
20.6,0.072,-1.514,0.811,0.036
20.61,0.08,-1.514,0.811,0.041
20.62,0.088,-1.514,0.811,0.045
20.63,0.096,-1.513,0.811,0.049
20.64,0.104,-1.513,0.81,0.054
20.65,0.113,-1.512,0.81,0.058
20.66,0.121,-1.511,0.81,0.062
20.67,0.129,-1.511,0.809,0.067
20.68,0.137,-1.51,0.809,0.071
20.69,0.145,-1.509,0.808,0.075
20.7,0.153,-1.509,0.808,0.08
20.71,0.161,-1.508,0.808,0.084
20.72,0.169,-1.507,0.807,0.088
20.73,0.177,-1.506,0.807,0.093
20.74,0.185,-1.505,0.806,0.097
20.75,0.193,-1.504,0.806,0.101
20.76,0.201,-1.503,0.805,0.106
20.77,0.209,-1.502,0.804,0.11
20.78,0.217,-1.501,0.804,0.114
20.79,0.226,-1.5,0.803,0.119
20.8,0.234,-1.498,0.803,0.123
20.81,0.242,-1.497,0.802,0.127
20.82,0.25,-1.496,0.801,0.131
20.83,0.258,-1.495,0.8,0.136
20.84,0.266,-1.493,0.8,0.14
20.85,0.274,-1.492,0.799,0.144
20.86,0.282,-1.49,0.798,0.149
20.87,0.29,-1.489,0.797,0.153
20.88,0.298,-1.487,0.796,0.157
20.89,0.305,-1.486,0.796,0.161
20.9,0.313,-1.484,0.795,0.166
20.91,0.321,-1.482,0.794,0.17
20.92,0.329,-1.481,0.793,0.174
20.93,0.337,-1.479,0.792,0.178
20.94,0.345,-1.477,0.791,0.183
20.95,0.353,-1.475,0.79,0.187
20.96,0.361,-1.473,0.789,0.191
20.97,0.369,-1.471,0.788,0.195
20.98,0.377,-1.469,0.787,0.199
20.99,0.385,-1.467,0.786,0.204
21.0,0.392,-1.465,0.785,0.208
21.01,0.4,-1.463,0.783,0.212
21.02,0.408,-1.461,0.782,0.216
21.03,0.416,-1.459,0.781,0.22
21.04,0.424,-1.457,0.78,0.225
21.05,0.432,-1.454,0.779,0.229
21.06,0.439,-1.452,0.777,0.233
21.07,0.447,-1.45,0.776,0.237
21.08,0.455,-1.447,0.775,0.241
21.09,0.463,-1.445,0.774,0.245
21.1,0.47,-1.442,0.772,0.25
21.11,0.478,-1.44,0.771,0.254
21.12,0.486,-1.437,0.769,0.258
21.13,0.493,-1.435,0.768,0.262
21.14,0.501,-1.432,0.767,0.266
21.15,0.509,-1.429,0.765,0.27
21.16,0.516,-1.427,0.764,0.274
21.17,0.524,-1.424,0.762,0.278
21.18,0.532,-1.421,0.761,0.282
21.19,0.539,-1.418,0.759,0.286
21.2,0.547,-1.415,0.758,0.29
21.21,0.554,-1.412,0.756,0.295
21.22,0.562,-1.41,0.754,0.299
21.23,0.569,-1.407,0.753,0.303
21.24,0.577,-1.403,0.751,0.307
21.25,0.584,-1.4,0.75,0.311
21.26,0.592,-1.397,0.748,0.315
21.27,0.599,-1.394,0.746,0.319
21.28,0.607,-1.391,0.744,0.323
21.29,0.614,-1.388,0.743,0.327
21.3,0.622,-1.384,0.741,0.331
21.31,0.629,-1.381,0.739,0.335
21.32,0.637,-1.378,0.737,0.338
21.33,0.644,-1.374,0.735,0.342
21.34,0.651,-1.371,0.734,0.346
21.35,0.659,-1.367,0.732,0.35
21.36,0.666,-1.364,0.73,0.354
21.37,0.673,-1.36,0.728,0.358
21.38,0.68,-1.357,0.726,0.362
21.39,0.688,-1.353,0.724,0.366
21.4,0.695,-1.349,0.722,0.37
21.41,0.702,-1.346,0.72,0.374
21.42,0.709,-1.342,0.718,0.377
21.43,0.716,-1.338,0.716,0.381
21.44,0.724,-1.334,0.714,0.385
21.45,0.731,-1.33,0.712,0.389
21.46,0.738,-1.326,0.71,0.393
21.47,0.745,-1.323,0.708,0.396
21.48,0.752,-1.319,0.706,0.4
21.49,0.759,-1.315,0.703,0.404
21.5,0.766,-1.31,0.701,0.408
21.51,0.773,-1.306,0.699,0.411
21.52,0.78,-1.302,0.697,0.415
21.53,0.787,-1.298,0.695,0.419
21.54,0.794,-1.294,0.692,0.423
21.55,0.801,-1.29,0.69,0.426
21.56,0.808,-1.285,0.688,0.43
21.57,0.815,-1.281,0.685,0.434
21.58,0.821,-1.277,0.683,0.437
21.59,0.828,-1.272,0.681,0.441
21.6,0.835,-1.268,0.678,0.445
21.61,0.842,-1.263,0.676,0.448
21.62,0.849,-1.259,0.673,0.452
21.63,0.855,-1.254,0.671,0.455
21.64,0.862,-1.25,0.669,0.459
21.65,0.869,-1.245,0.666,0.463
21.66,0.875,-1.241,0.664,0.466
21.67,0.882,-1.236,0.661,0.47
21.68,0.889,-1.231,0.659,0.473
21.69,0.895,-1.226,0.656,0.477
21.7,0.902,-1.222,0.653,0.48
21.71,0.908,-1.217,0.651,0.484
21.72,0.915,-1.212,0.648,0.487
21.73,0.921,-1.207,0.646,0.491
21.74,0.928,-1.202,0.643,0.494
21.75,0.934,-1.197,0.64,0.497
21.76,0.94,-1.192,0.638,0.501
21.77,0.947,-1.187,0.635,0.504
21.78,0.953,-1.182,0.632,0.508
21.79,0.959,-1.177,0.63,0.511
21.8,0.966,-1.172,0.627,0.514
21.81,0.972,-1.167,0.624,0.518
21.82,0.978,-1.161,0.621,0.521
21.83,0.984,-1.156,0.618,0.524
21.84,0.991,-1.151,0.616,0.528
21.85,0.997,-1.146,0.613,0.531
21.86,1.003,-1.14,0.61,0.534
21.87,1.009,-1.135,0.607,0.537
21.88,1.015,-1.13,0.604,0.541
21.89,1.021,-1.124,0.601,0.544
21.9,1.027,-1.119,0.598,0.547
21.91,1.033,-1.113,0.595,0.55
21.92,1.039,-1.108,0.592,0.553
21.93,1.045,-1.102,0.589,0.557
21.94,1.051,-1.097,0.586,0.56
21.95,1.057,-1.091,0.583,0.563
21.96,1.062,-1.085,0.58,0.566
21.97,1.068,-1.08,0.577,0.569
21.98,1.074,-1.074,0.574,0.572
21.99,1.08,-1.068,0.571,0.575
22.0,1.085,-1.062,0.568,0.578
22.01,1.091,-1.057,0.565,0.581
22.02,1.097,-1.051,0.562,0.584
22.03,1.102,-1.045,0.559,0.587
22.04,1.108,-1.039,0.556,0.59
22.05,1.113,-1.033,0.552,0.593
22.06,1.119,-1.027,0.549,0.596
22.07,1.124,-1.021,0.546,0.599
22.08,1.13,-1.015,0.543,0.602
22.09,1.135,-1.009,0.54,0.605
22.1,1.141,-1.003,0.536,0.608
22.11,1.146,-0.997,0.533,0.611
22.12,1.151,-0.991,0.53,0.613
22.13,1.157,-0.985,0.527,0.616
22.14,1.162,-0.979,0.523,0.619
22.15,1.167,-0.972,0.52,0.622
22.16,1.172,-0.966,0.517,0.625
22.17,1.177,-0.96,0.513,0.627
22.18,1.182,-0.954,0.51,0.63
22.19,1.188,-0.947,0.507,0.633
22.2,1.193,-0.941,0.503,0.635
22.21,1.198,-0.935,0.5,0.638
22.22,1.203,-0.928,0.496,0.641
22.23,1.207,-0.922,0.493,0.643
22.24,1.212,-0.915,0.489,0.646
22.25,1.217,-0.909,0.486,0.649
22.26,1.222,-0.902,0.482,0.651
22.27,1.227,-0.896,0.479,0.654
22.28,1.232,-0.889,0.475,0.656
22.29,1.236,-0.883,0.472,0.659
22.3,1.241,-0.876,0.468,0.661
22.31,1.246,-0.87,0.465,0.664
22.32,1.25,-0.863,0.461,0.666
22.33,1.255,-0.856,0.458,0.669
22.34,1.26,-0.85,0.454,0.671
22.35,1.264,-0.843,0.451,0.674
22.36,1.269,-0.836,0.447,0.676
22.37,1.273,-0.829,0.443,0.678
22.38,1.277,-0.822,0.44,0.681
22.39,1.282,-0.816,0.436,0.683
22.4,1.286,-0.809,0.432,0.685
22.41,1.29,-0.802,0.429,0.688
22.42,1.295,-0.795,0.425,0.69
22.43,1.299,-0.788,0.421,0.692
22.44,1.303,-0.781,0.418,0.694
22.45,1.307,-0.774,0.414,0.697
22.46,1.311,-0.767,0.41,0.699
22.47,1.316,-0.76,0.406,0.701
22.48,1.32,-0.753,0.403,0.703
22.49,1.324,-0.746,0.399,0.705
22.5,1.328,-0.739,0.395,0.707
22.51,1.332,-0.732,0.391,0.71
22.52,1.335,-0.725,0.388,0.712
22.53,1.339,-0.718,0.384,0.714
22.54,1.343,-0.711,0.38,0.716
22.55,1.347,-0.704,0.376,0.718
22.56,1.351,-0.696,0.372,0.72
22.57,1.354,-0.689,0.368,0.722
22.58,1.358,-0.682,0.364,0.724
22.59,1.362,-0.675,0.361,0.726
22.6,1.365,-0.667,0.357,0.727
22.61,1.369,-0.66,0.353,0.729
22.62,1.372,-0.653,0.349,0.731
22.63,1.376,-0.645,0.345,0.733
22.64,1.379,-0.638,0.341,0.735
22.65,1.383,-0.631,0.337,0.737
22.66,1.386,-0.623,0.333,0.739
22.67,1.389,-0.616,0.329,0.74
22.68,1.392,-0.609,0.325,0.742
22.69,1.396,-0.601,0.321,0.744
22.7,1.399,-0.594,0.317,0.745
22.71,1.402,-0.586,0.313,0.747
22.72,1.405,-0.579,0.309,0.749
22.73,1.408,-0.571,0.305,0.75
22.74,1.411,-0.564,0.301,0.752
22.75,1.414,-0.556,0.297,0.754
22.76,1.417,-0.549,0.293,0.755
22.77,1.42,-0.541,0.289,0.757
22.78,1.423,-0.534,0.285,0.758
22.79,1.426,-0.526,0.281,0.76
22.8,1.429,-0.518,0.277,0.761
22.81,1.431,-0.511,0.273,0.763
22.82,1.434,-0.503,0.269,0.764
22.83,1.437,-0.495,0.265,0.766
22.84,1.439,-0.488,0.261,0.767
22.85,1.442,-0.48,0.257,0.768
22.86,1.444,-0.472,0.252,0.77
22.87,1.447,-0.465,0.248,0.771
22.88,1.449,-0.457,0.244,0.772
22.89,1.452,-0.449,0.24,0.774
22.9,1.454,-0.442,0.236,0.775
22.91,1.457,-0.434,0.232,0.776
22.92,1.459,-0.426,0.228,0.777
22.93,1.461,-0.418,0.224,0.779
22.94,1.463,-0.41,0.219,0.78
22.95,1.466,-0.403,0.215,0.781
22.96,1.468,-0.395,0.211,0.782
22.97,1.47,-0.387,0.207,0.783
22.98,1.472,-0.379,0.203,0.784
22.99,1.474,-0.371,0.198,0.785
23.0,1.476,-0.363,0.194,0.786
23.01,1.478,-0.356,0.19,0.787
